date,new_confirmed,new_deceased,cumulative_confirmed,cumulative_deceased,cumulative_persons_vaccinated,population,population_male,population_female,new_hospitalized_patients,cumulative_hospitalized_patients,new_confirmed_male,cumulative_confirmed_male,new_deceased_male,cumulative_deceased_male,new_hospitalized_patients_male,cumulative_hospitalized_patients_male
1/1/2020,,,,,,7496988,3439666,4057322,,,,,,,,
2/1/2020,,,,,,7496988,3439666,4057322,,,,,,,,
3/1/2020,,,,,,7496988,3439666,4057322,,,,,,,,
4/1/2020,,,,,,7496988,3439666,4057322,,,,,,,,
5/1/2020,,,,,,7496988,3439666,4057322,,,,,,,,
6/1/2020,,,,,,7496988,3439666,4057322,,,,,,,,
7/1/2020,,,,,,7496988,3439666,4057322,,,,,,,,
8/1/2020,,,,,,7496988,3439666,4057322,,,,,,,,
9/1/2020,,,,,,7496988,3439666,4057322,,,,,,,,
10/1/2020,,,,,,7496988,3439666,4057322,,,,,,,,
11/1/2020,,,,,,7496988,3439666,4057322,,,,,,,,
12/1/2020,,,,,,7496988,3439666,4057322,,,,,,,,
13/1/2020,,,,,,7496988,3439666,4057322,,,,,,,,
14/1/2020,,,,,,7496988,3439666,4057322,,,,,,,,
15/1/2020,,,,,,7496988,3439666,4057322,,,,,,,,
16/1/2020,,,,,,7496988,3439666,4057322,,,,,,,,
17/1/2020,,,,,,7496988,3439666,4057322,,,,,,,,
18/1/2020,,,,,,7496988,3439666,4057322,,,,,,,,
19/1/2020,,,,,,7496988,3439666,4057322,,,,,,,,
20/1/2020,,,,,,7496988,3439666,4057322,,,,,,,,
21/1/2020,,,,,,7496988,3439666,4057322,,,,,,,,
22/1/2020,,,,,,7496988,3439666,4057322,,,,,,,,
23/1/2020,2,0,2,0,,7496988,3439666,4057322,2,2,2,2,0,0,2,2
24/1/2020,3,0,5,0,,7496988,3439666,4057322,3,5,1,3,0,0,1,3
25/1/2020,,,,,,7496988,3439666,4057322,,,,,,,,
26/1/2020,3,0,8,0,,7496988,3439666,4057322,3,8,2,5,0,0,2,5
27/1/2020,,,,,,7496988,3439666,4057322,,,,,,,,
28/1/2020,,,,,,7496988,3439666,4057322,,,,,,,,
29/1/2020,2,0,10,0,,7496988,3439666,4057322,2,10,1,6,0,0,1,6
30/1/2020,2,0,12,0,,7496988,3439666,4057322,2,12,1,7,0,0,1,7
31/1/2020,1,1,13,1,,7496988,3439666,4057322,0,12,1,8,1,1,0,7
1/2/2020,2,0,15,1,,7496988,3439666,4057322,2,14,1,9,0,1,1,8
2/2/2020,,,,,,7496988,3439666,4057322,,,,,,,,
3/2/2020,,,,,,7496988,3439666,4057322,,,,,,,,
4/2/2020,3,0,18,1,,7496988,3439666,4057322,3,17,2,11,0,1,2,10
5/2/2020,3,0,21,1,,7496988,3439666,4057322,3,20,1,12,0,1,1,11
6/2/2020,3,0,24,1,,7496988,3439666,4057322,3,23,0,12,0,1,0,11
7/2/2020,2,0,26,1,,7496988,3439666,4057322,2,25,2,14,0,1,2,13
8/2/2020,,,,,,7496988,3439666,4057322,,,,,,,,
9/2/2020,10,0,36,1,,7496988,3439666,4057322,10,35,5,19,0,1,5,18
10/2/2020,6,0,42,1,,7496988,3439666,4057322,6,41,2,21,0,1,2,20
11/2/2020,7,0,49,1,,7496988,3439666,4057322,7,48,5,26,0,1,5,25
12/2/2020,1,0,50,1,,7496988,3439666,4057322,1,49,1,27,0,1,1,26
13/2/2020,3,0,53,1,,7496988,3439666,4057322,3,52,2,29,0,1,2,28
14/2/2020,3,1,56,2,,7496988,3439666,4057322,2,54,1,30,1,2,0,28
15/2/2020,,,,,,7496988,3439666,4057322,,,,,,,,
16/2/2020,1,0,57,2,,7496988,3439666,4057322,1,55,1,31,0,2,1,29
17/2/2020,3,0,60,2,,7496988,3439666,4057322,3,58,2,33,0,2,2,31
18/2/2020,2,0,62,2,,7496988,3439666,4057322,2,60,1,34,0,2,1,32
19/2/2020,3,0,65,2,,7496988,3439666,4057322,3,63,1,35,0,2,1,33
20/2/2020,4,0,69,2,,7496988,3439666,4057322,4,67,3,38,0,2,3,36
21/2/2020,,,,,,7496988,3439666,4057322,,,,,,,,
22/2/2020,1,0,70,2,,7496988,3439666,4057322,1,68,0,38,0,2,0,36
23/2/2020,4,0,74,2,,7496988,3439666,4057322,4,72,2,40,0,2,2,38
24/2/2020,7,0,81,2,,7496988,3439666,4057322,7,79,2,42,0,2,2,40
25/2/2020,4,0,85,2,,7496988,3439666,4057322,4,83,2,44,0,2,2,42
26/2/2020,6,1,91,3,,7496988,3439666,4057322,5,88,3,47,1,3,2,44
27/2/2020,2,0,93,3,,7496988,3439666,4057322,2,90,0,47,0,3,0,44
28/2/2020,1,0,94,3,,7496988,3439666,4057322,1,91,0,47,0,3,0,44
29/2/2020,1,0,95,3,,7496988,3439666,4057322,1,92,0,47,0,3,0,44
1/3/2020,5,1,100,4,,7496988,3439666,4057322,4,96,2,49,0,3,2,46
2/3/2020,1,0,101,4,,7496988,3439666,4057322,1,97,1,50,0,3,1,47
3/3/2020,,,,,,7496988,3439666,4057322,,,,,,,,
4/3/2020,4,0,105,4,,7496988,3439666,4057322,4,101,1,51,0,3,1,48
5/3/2020,,,,,,7496988,3439666,4057322,,,,,,,,
6/3/2020,3,0,108,4,,7496988,3439666,4057322,3,104,3,54,0,3,3,51
7/3/2020,2,0,110,4,,7496988,3439666,4057322,2,106,0,54,0,3,0,51
8/3/2020,5,0,115,4,,7496988,3439666,4057322,5,111,3,57,0,3,3,54
9/3/2020,1,0,116,4,,7496988,3439666,4057322,1,112,1,58,0,3,1,55
10/3/2020,5,0,121,4,,7496988,3439666,4057322,5,117,2,60,0,3,2,57
11/3/2020,9,0,130,4,,7496988,3439666,4057322,9,126,3,63,0,3,3,60
12/3/2020,2,0,132,4,,7496988,3439666,4057322,2,128,2,65,0,3,2,62
13/3/2020,6,0,138,4,,7496988,3439666,4057322,6,134,4,69,0,3,4,66
14/3/2020,4,0,142,4,,7496988,3439666,4057322,4,138,2,71,0,3,2,68
15/3/2020,7,0,149,4,,7496988,3439666,4057322,7,145,6,77,0,3,6,74
16/3/2020,9,0,158,4,,7496988,3439666,4057322,9,154,5,82,0,3,5,79
17/3/2020,10,0,168,4,,7496988,3439666,4057322,10,164,7,89,0,3,7,86
18/3/2020,25,0,193,4,,7496988,3439666,4057322,25,189,14,103,0,3,14,100
19/3/2020,16,0,209,4,,7496988,3439666,4057322,16,205,11,114,0,3,11,111
20/3/2020,48,0,257,4,,7496988,3439666,4057322,48,253,26,140,0,3,26,137
21/3/2020,17,0,274,4,,7496988,3439666,4057322,17,270,5,145,0,3,5,142
22/3/2020,44,0,318,4,,7496988,3439666,4057322,44,314,28,173,0,3,28,170
23/3/2020,39,0,357,4,,7496988,3439666,4057322,39,353,22,195,0,3,22,192
24/3/2020,30,0,387,4,,7496988,3439666,4057322,30,383,18,213,0,3,18,210
25/3/2020,24,0,411,4,,7496988,3439666,4057322,24,407,13,226,0,3,13,223
26/3/2020,43,0,454,4,,7496988,3439666,4057322,43,450,18,244,0,3,18,241
27/3/2020,65,0,519,4,,7496988,3439666,4057322,65,515,28,272,0,3,28,269
28/3/2020,64,0,583,4,,7496988,3439666,4057322,64,579,39,311,0,3,39,308
29/3/2020,59,1,642,5,,7496988,3439666,4057322,58,637,30,341,0,3,30,338
30/3/2020,41,0,683,5,,7496988,3439666,4057322,41,678,21,362,0,3,21,359
31/3/2020,32,0,715,5,,7496988,3439666,4057322,32,710,19,381,0,3,19,378
1/4/2020,51,0,766,5,,7496988,3439666,4057322,51,761,28,409,0,3,28,406
2/4/2020,37,0,803,5,,7496988,3439666,4057322,37,798,21,430,0,3,21,427
3/4/2020,43,0,846,5,,7496988,3439666,4057322,43,841,23,453,0,3,23,450
4/4/2020,17,0,863,5,,7496988,3439666,4057322,17,858,9,462,0,3,9,459
5/4/2020,28,0,891,5,,7496988,3439666,4057322,28,886,17,479,0,3,17,476
6/4/2020,24,0,915,5,,7496988,3439666,4057322,24,910,14,493,0,3,14,490
7/4/2020,21,0,936,5,,7496988,3439666,4057322,21,931,12,505,0,3,12,502
8/4/2020,25,0,961,5,,7496988,3439666,4057322,25,956,11,516,0,3,11,513
9/4/2020,13,0,974,5,,7496988,3439666,4057322,13,969,8,524,0,3,8,521
10/4/2020,16,0,990,5,,7496988,3439666,4057322,16,985,9,533,0,3,9,530
11/4/2020,11,0,1001,5,,7496988,3439666,4057322,11,996,5,538,0,3,5,535
12/4/2020,4,0,1005,5,,7496988,3439666,4057322,4,1000,2,540,0,3,2,537
13/4/2020,5,0,1010,5,,7496988,3439666,4057322,5,1005,3,543,0,3,3,540
14/4/2020,3,0,1013,5,,7496988,3439666,4057322,3,1008,3,546,0,3,3,543
15/4/2020,4,0,1017,5,,7496988,3439666,4057322,4,1012,3,549,0,3,3,546
16/4/2020,1,0,1018,5,,7496988,3439666,4057322,1,1013,0,549,0,3,0,546
17/4/2020,4,0,1022,5,,7496988,3439666,4057322,4,1017,1,550,0,3,1,547
18/4/2020,2,0,1024,5,,7496988,3439666,4057322,2,1019,1,551,0,3,1,548
19/4/2020,2,0,1026,5,,7496988,3439666,4057322,2,1021,1,552,0,3,1,549
20/4/2020,,,,,,7496988,3439666,4057322,,,,,,,,
21/4/2020,4,0,1030,5,,7496988,3439666,4057322,4,1025,2,554,0,3,2,551
22/4/2020,4,0,1034,5,,7496988,3439666,4057322,4,1029,2,556,0,3,2,553
23/4/2020,2,0,1036,5,,7496988,3439666,4057322,2,1031,2,558,0,3,2,555
24/4/2020,,,,,,7496988,3439666,4057322,,,,,,,,
25/4/2020,2,0,1038,5,,7496988,3439666,4057322,2,1033,1,559,0,3,1,556
26/4/2020,,,,,,7496988,3439666,4057322,,,,,,,,
27/4/2020,,,,,,7496988,3439666,4057322,,,,,,,,
28/4/2020,,,,,,7496988,3439666,4057322,,,,,,,,
29/4/2020,,,,,,7496988,3439666,4057322,,,,,,,,
30/4/2020,,,,,,7496988,3439666,4057322,,,,,,,,
1/5/2020,2,0,1040,5,,7496988,3439666,4057322,2,1035,1,560,0,3,1,557
2/5/2020,,,,,,7496988,3439666,4057322,,,,,,,,
3/5/2020,,,,,,7496988,3439666,4057322,,,,,,,,
4/5/2020,1,0,1041,5,,7496988,3439666,4057322,1,1036,0,560,0,3,0,557
5/5/2020,,,,,,7496988,3439666,4057322,,,,,,,,
6/5/2020,,,,,,7496988,3439666,4057322,,,,,,,,
7/5/2020,4,0,1045,5,,7496988,3439666,4057322,4,1040,4,564,0,3,4,561
8/5/2020,,,,,,7496988,3439666,4057322,,,,,,,,
9/5/2020,,,,,,7496988,3439666,4057322,,,,,,,,
10/5/2020,3,0,1048,5,,7496988,3439666,4057322,3,1043,2,566,0,3,2,563
11/5/2020,,,,,,7496988,3439666,4057322,,,,,,,,
12/5/2020,,,,,,7496988,3439666,4057322,,,,,,,,
13/5/2020,3,0,1051,5,,7496988,3439666,4057322,3,1046,1,567,0,3,1,564
14/5/2020,1,0,1052,5,,7496988,3439666,4057322,1,1047,1,568,0,3,1,565
15/5/2020,1,0,1053,5,,7496988,3439666,4057322,1,1048,1,569,0,3,1,566
16/5/2020,,,,,,7496988,3439666,4057322,,,,,,,,
17/5/2020,3,0,1056,5,,7496988,3439666,4057322,3,1051,1,570,0,3,1,567
18/5/2020,,,,,,7496988,3439666,4057322,,,,,,,,
19/5/2020,,,,,,7496988,3439666,4057322,,,,,,,,
20/5/2020,,,,,,7496988,3439666,4057322,,,,,,,,
21/5/2020,8,0,1064,5,,7496988,3439666,4057322,8,1059,4,574,0,3,4,571
22/5/2020,2,0,1066,5,,7496988,3439666,4057322,2,1061,1,575,0,3,1,572
23/5/2020,,,,,,7496988,3439666,4057322,,,,,,,,
24/5/2020,,,,,,7496988,3439666,4057322,,,,,,,,
25/5/2020,,,,,,7496988,3439666,4057322,,,,,,,,
26/5/2020,,,,,,7496988,3439666,4057322,,,,,,,,
27/5/2020,1,0,1067,5,,7496988,3439666,4057322,1,1062,1,576,0,3,1,573
28/5/2020,,,,,,7496988,3439666,4057322,,,,,,,,
29/5/2020,13,0,1080,5,,7496988,3439666,4057322,13,1075,9,585,0,3,9,582
30/5/2020,3,0,1083,5,,7496988,3439666,4057322,3,1078,3,588,0,3,3,585
31/5/2020,2,0,1085,5,,7496988,3439666,4057322,2,1080,1,589,0,3,1,586
1/6/2020,3,0,1088,5,,7496988,3439666,4057322,3,1083,1,590,0,3,1,587
2/6/2020,6,1,1094,6,,7496988,3439666,4057322,5,1088,1,591,0,3,1,588
3/6/2020,,,,,,7496988,3439666,4057322,,,,,,,,
4/6/2020,6,1,1100,7,,7496988,3439666,4057322,5,1093,6,597,1,4,5,593
5/6/2020,3,0,1103,7,,7496988,3439666,4057322,3,1096,0,597,0,4,0,593
6/6/2020,3,0,1106,7,,7496988,3439666,4057322,3,1099,1,598,0,4,1,594
7/6/2020,1,0,1107,7,,7496988,3439666,4057322,1,1100,0,598,0,4,0,594
8/6/2020,1,0,1108,7,,7496988,3439666,4057322,1,1101,0,598,0,4,0,594
9/6/2020,,,,,,7496988,3439666,4057322,,,,,,,,
10/6/2020,,,,,,7496988,3439666,4057322,,,,,,,,
11/6/2020,,,,,,7496988,3439666,4057322,,,,,,,,
12/6/2020,1,0,1109,7,,7496988,3439666,4057322,1,1102,0,598,0,4,0,594
13/6/2020,1,0,1110,7,,7496988,3439666,4057322,1,1103,1,599,0,4,1,595
14/6/2020,,,,,,7496988,3439666,4057322,,,,,,,,
15/6/2020,3,0,1113,7,,7496988,3439666,4057322,3,1106,1,600,0,4,1,596
16/6/2020,,,,,,7496988,3439666,4057322,,,,,,,,
17/6/2020,8,0,1121,7,,7496988,3439666,4057322,8,1114,2,602,0,4,2,598
18/6/2020,4,0,1125,7,,7496988,3439666,4057322,4,1118,2,604,0,4,2,600
19/6/2020,3,0,1128,7,,7496988,3439666,4057322,3,1121,2,606,0,4,2,602
20/6/2020,1,0,1129,7,,7496988,3439666,4057322,1,1122,0,606,0,4,0,602
21/6/2020,3,0,1132,7,,7496988,3439666,4057322,3,1125,1,607,0,4,1,603
22/6/2020,30,0,1162,7,,7496988,3439666,4057322,30,1155,15,622,0,4,15,618
23/6/2020,16,0,1178,7,,7496988,3439666,4057322,16,1171,9,631,0,4,9,627
24/6/2020,2,1,1180,8,,7496988,3439666,4057322,1,1172,1,632,1,5,0,627
25/6/2020,14,0,1194,8,,7496988,3439666,4057322,14,1186,9,641,0,5,9,636
26/6/2020,3,0,1197,8,,7496988,3439666,4057322,3,1189,3,644,0,5,3,639
27/6/2020,1,0,1198,8,,7496988,3439666,4057322,1,1190,0,644,0,5,0,639
28/6/2020,2,0,1200,8,,7496988,3439666,4057322,2,1192,1,645,0,5,1,640
29/6/2020,4,0,1204,8,,7496988,3439666,4057322,4,1196,1,646,0,5,1,641
30/6/2020,2,0,1206,8,,7496988,3439666,4057322,2,1198,2,648,0,5,2,643
1/7/2020,28,0,1234,8,,7496988,3439666,4057322,28,1226,12,660,0,5,12,655
2/7/2020,9,0,1243,8,,7496988,3439666,4057322,9,1235,3,663,0,5,3,658
3/7/2020,5,0,1248,8,,7496988,3439666,4057322,5,1240,1,664,0,5,1,659
4/7/2020,11,0,1259,8,,7496988,3439666,4057322,11,1251,6,670,0,5,6,665
5/7/2020,10,0,1269,8,,7496988,3439666,4057322,10,1261,4,674,0,5,4,669
6/7/2020,17,0,1286,8,,7496988,3439666,4057322,17,1278,12,686,0,5,12,681
7/7/2020,14,0,1300,8,,7496988,3439666,4057322,14,1292,10,696,0,5,10,691
8/7/2020,24,1,1324,9,,7496988,3439666,4057322,23,1315,14,710,1,6,13,704
9/7/2020,42,7,1366,16,,7496988,3439666,4057322,35,1350,27,737,5,11,22,726
10/7/2020,38,0,1404,16,,7496988,3439666,4057322,35,1385,18,755,0,11,15,741
11/7/2020,28,1,1432,17,,7496988,3439666,4057322,25,1410,12,767,0,11,10,751
12/7/2020,38,1,1470,18,,7496988,3439666,4057322,37,1447,21,788,1,12,20,771
13/7/2020,52,3,1522,21,,7496988,3439666,4057322,48,1495,27,815,3,15,23,794
14/7/2020,48,2,1570,23,,7496988,3439666,4057322,46,1541,27,842,1,16,26,820
15/7/2020,19,0,1589,23,,7496988,3439666,4057322,19,1560,8,850,0,16,8,828
16/7/2020,67,3,1656,26,,7496988,3439666,4057322,64,1624,34,884,2,18,32,860
17/7/2020,58,2,1714,28,,7496988,3439666,4057322,55,1679,24,908,1,19,22,882
18/7/2020,64,3,1778,31,,7496988,3439666,4057322,61,1740,23,931,2,21,21,903
19/7/2020,107,0,1885,31,,7496988,3439666,4057322,105,1845,45,976,0,21,43,946
20/7/2020,73,3,1958,34,,7496988,3439666,4057322,69,1914,31,1007,1,22,29,975
21/7/2020,61,2,2019,36,,7496988,3439666,4057322,59,1973,27,1034,2,24,25,1000
22/7/2020,113,5,2132,41,,7496988,3439666,4057322,107,2080,47,1081,2,26,44,1044
23/7/2020,118,1,2250,42,,7496988,3439666,4057322,116,2196,43,1124,0,26,42,1086
24/7/2020,123,1,2373,43,,7496988,3439666,4057322,119,2315,60,1184,0,26,58,1144
25/7/2020,133,5,2506,48,,7496988,3439666,4057322,127,2442,70,1254,2,28,67,1211
26/7/2020,128,0,2634,48,,7496988,3439666,4057322,124,2566,63,1317,0,28,59,1270
27/7/2020,145,6,2779,54,,7496988,3439666,4057322,138,2704,56,1373,2,30,53,1323
28/7/2020,106,6,2885,60,,7496988,3439666,4057322,99,2803,52,1425,4,34,47,1370
29/7/2020,117,10,3002,70,,7496988,3439666,4057322,104,2907,59,1484,7,41,49,1419
30/7/2020,149,1,3151,71,,7496988,3439666,4057322,147,3054,81,1565,1,42,80,1499
31/7/2020,121,3,3272,74,,7496988,3439666,4057322,118,3172,58,1623,1,43,57,1556
1/8/2020,125,3,3397,77,,7496988,3439666,4057322,122,3294,66,1689,3,46,63,1619
2/8/2020,113,1,3510,78,,7496988,3439666,4057322,112,3406,56,1745,1,47,55,1674
3/8/2020,80,2,3590,80,,7496988,3439666,4057322,78,3484,46,1791,2,49,44,1718
4/8/2020,80,3,3670,83,,7496988,3439666,4057322,77,3561,39,1830,2,51,37,1755
5/8/2020,85,3,3755,86,,7496988,3439666,4057322,82,3643,41,1871,3,54,38,1793
6/8/2020,95,2,3850,88,,7496988,3439666,4057322,93,3736,47,1918,2,56,45,1838
7/8/2020,89,0,3939,88,,7496988,3439666,4057322,89,3825,42,1960,0,56,42,1880
8/8/2020,69,1,4008,89,,7496988,3439666,4057322,68,3893,29,1989,0,56,29,1909
9/8/2020,72,1,4080,90,,7496988,3439666,4057322,71,3964,38,2027,1,57,37,1946
10/8/2020,69,4,4149,94,,7496988,3439666,4057322,65,4029,35,2062,4,61,31,1977
11/8/2020,33,0,4182,94,,7496988,3439666,4057322,33,4062,18,2080,0,61,18,1995
12/8/2020,62,1,4244,95,,7496988,3439666,4057322,61,4123,33,2113,0,61,33,2028
13/8/2020,69,2,4313,97,,7496988,3439666,4057322,67,4190,29,2142,1,62,28,2056
14/8/2020,48,0,4361,97,,7496988,3439666,4057322,48,4238,24,2166,0,62,24,2080
15/8/2020,46,1,4407,98,,7496988,3439666,4057322,44,4282,24,2190,0,62,23,2103
16/8/2020,74,1,4481,99,,7496988,3439666,4057322,73,4355,53,2243,1,63,52,2155
17/8/2020,44,0,4525,99,,7496988,3439666,4057322,44,4399,19,2262,0,63,19,2174
18/8/2020,36,1,4561,100,,7496988,3439666,4057322,35,4434,18,2280,0,63,18,2192
19/8/2020,26,1,4587,101,,7496988,3439666,4057322,25,4459,13,2293,0,63,13,2205
20/8/2020,18,0,4605,101,,7496988,3439666,4057322,18,4477,7,2300,0,63,7,2212
21/8/2020,27,1,4632,102,,7496988,3439666,4057322,26,4503,16,2316,1,64,15,2227
22/8/2020,26,0,4658,102,,7496988,3439666,4057322,26,4529,14,2330,0,64,14,2241
23/8/2020,25,0,4683,102,,7496988,3439666,4057322,25,4554,12,2342,0,64,12,2253
24/8/2020,9,0,4692,102,,7496988,3439666,4057322,9,4563,3,2345,0,64,3,2256
25/8/2020,19,0,4711,102,,7496988,3439666,4057322,19,4582,5,2350,0,64,5,2261
26/8/2020,24,2,4735,104,,7496988,3439666,4057322,22,4604,14,2364,1,65,13,2274
27/8/2020,21,0,4756,104,,7496988,3439666,4057322,21,4625,12,2376,0,65,12,2286
28/8/2020,13,1,4769,105,,7496988,3439666,4057322,11,4636,6,2382,1,66,4,2290
29/8/2020,18,1,4787,106,,7496988,3439666,4057322,17,4653,9,2391,1,67,8,2298
30/8/2020,15,0,4802,106,,7496988,3439666,4057322,15,4668,9,2400,0,67,9,2307
31/8/2020,9,0,4811,106,,7496988,3439666,4057322,9,4677,4,2404,0,67,4,2311
1/9/2020,12,0,4823,106,,7496988,3439666,4057322,12,4689,3,2407,0,67,3,2314
2/9/2020,8,1,4831,107,,7496988,3439666,4057322,7,4696,8,2415,1,68,7,2321
3/9/2020,8,2,4839,109,,7496988,3439666,4057322,6,4702,3,2418,1,69,2,2323
4/9/2020,12,0,4851,109,,7496988,3439666,4057322,12,4714,4,2422,0,69,4,2327
5/9/2020,7,0,4858,109,,7496988,3439666,4057322,7,4721,4,2426,0,69,4,2331
6/9/2020,21,0,4879,109,,7496988,3439666,4057322,21,4742,11,2437,0,69,11,2342
7/9/2020,11,0,4890,109,,7496988,3439666,4057322,11,4753,6,2443,0,69,6,2348
8/9/2020,6,0,4896,109,,7496988,3439666,4057322,6,4759,1,2444,0,69,1,2349
9/9/2020,6,0,4902,109,,7496988,3439666,4057322,6,4765,2,2446,0,69,2,2351
10/9/2020,12,0,4914,109,,7496988,3439666,4057322,12,4777,3,2449,0,69,3,2354
11/9/2020,12,0,4926,109,,7496988,3439666,4057322,12,4789,3,2452,0,69,3,2357
12/9/2020,13,1,4939,110,,7496988,3439666,4057322,12,4801,7,2459,1,70,6,2363
13/9/2020,19,0,4958,110,,7496988,3439666,4057322,19,4820,8,2467,0,70,8,2371
14/9/2020,14,0,4972,110,,7496988,3439666,4057322,14,4834,7,2474,0,70,7,2378
15/9/2020,4,0,4976,110,,7496988,3439666,4057322,4,4838,2,2476,0,70,2,2380
16/9/2020,9,0,4985,110,,7496988,3439666,4057322,9,4847,3,2479,0,70,3,2383
17/9/2020,9,0,4994,110,,7496988,3439666,4057322,9,4856,4,2483,0,70,4,2387
18/9/2020,3,0,4997,110,,7496988,3439666,4057322,3,4859,0,2483,0,70,0,2387
19/9/2020,13,0,5010,110,,7496988,3439666,4057322,13,4872,5,2488,0,70,5,2392
20/9/2020,23,0,5033,110,,7496988,3439666,4057322,23,4895,12,2500,0,70,12,2404
21/9/2020,6,0,5039,110,,7496988,3439666,4057322,6,4901,2,2502,0,70,2,2406
22/9/2020,8,0,5047,110,,7496988,3439666,4057322,8,4909,1,2503,0,70,1,2407
23/9/2020,3,0,5050,110,,7496988,3439666,4057322,3,4912,1,2504,0,70,1,2408
24/9/2020,7,0,5057,110,,7496988,3439666,4057322,7,4919,1,2505,0,70,1,2409
25/9/2020,2,0,5059,110,,7496988,3439666,4057322,2,4921,2,2507,0,70,2,2411
26/9/2020,1,0,5060,110,,7496988,3439666,4057322,1,4922,1,2508,0,70,1,2412
27/9/2020,6,0,5066,110,,7496988,3439666,4057322,6,4928,1,2509,0,70,1,2413
28/9/2020,10,0,5076,110,,7496988,3439666,4057322,10,4938,6,2515,0,70,6,2419
29/9/2020,4,0,5080,110,,7496988,3439666,4057322,4,4942,2,2517,0,70,2,2421
30/9/2020,8,0,5088,110,,7496988,3439666,4057322,8,4950,2,2519,0,70,2,2423
1/10/2020,10,0,5098,110,,7496988,3439666,4057322,10,4960,4,2523,0,70,4,2427
2/10/2020,7,0,5105,110,,7496988,3439666,4057322,7,4967,4,2527,0,70,4,2431
3/10/2020,4,0,5109,110,,7496988,3439666,4057322,4,4971,3,2530,0,70,3,2434
4/10/2020,5,1,5114,111,,7496988,3439666,4057322,4,4975,3,2533,0,70,3,2437
5/10/2020,11,0,5125,111,,7496988,3439666,4057322,11,4986,3,2536,0,70,3,2440
6/10/2020,8,0,5133,111,,7496988,3439666,4057322,8,4994,6,2542,0,70,6,2446
7/10/2020,11,0,5144,111,,7496988,3439666,4057322,11,5005,7,2549,0,70,7,2453
8/10/2020,18,0,5162,111,,7496988,3439666,4057322,18,5023,12,2561,0,70,12,2465
9/10/2020,8,0,5170,111,,7496988,3439666,4057322,8,5031,5,2566,0,70,5,2470
10/10/2020,6,0,5176,111,,7496988,3439666,4057322,6,5037,4,2570,0,70,4,2474
11/10/2020,7,0,5183,111,,7496988,3439666,4057322,7,5044,3,2573,0,70,3,2477
12/10/2020,11,0,5194,111,,7496988,3439666,4057322,11,5055,6,2579,0,70,6,2483
13/10/2020,8,0,5202,111,,7496988,3439666,4057322,8,5063,7,2586,0,70,7,2490
14/10/2020,,,,,,7496988,3439666,4057322,,,,,,,,
15/10/2020,12,0,5214,111,,7496988,3439666,4057322,12,5075,3,2589,0,70,3,2493
16/10/2020,7,0,5221,111,,7496988,3439666,4057322,7,5082,4,2593,0,70,4,2497
17/10/2020,17,0,5238,111,,7496988,3439666,4057322,17,5099,5,2598,0,70,5,2502
18/10/2020,4,0,5242,111,,7496988,3439666,4057322,4,5103,2,2600,0,70,2,2504
19/10/2020,15,0,5257,111,,7496988,3439666,4057322,14,5117,9,2609,0,70,8,2512
20/10/2020,5,0,5262,111,,7496988,3439666,4057322,5,5122,3,2612,0,70,3,2515
21/10/2020,8,0,5270,111,,7496988,3439666,4057322,7,5129,5,2617,0,70,5,2520
22/10/2020,11,0,5281,111,,7496988,3439666,4057322,11,5140,5,2622,0,70,5,2525
23/10/2020,4,0,5285,111,,7496988,3439666,4057322,4,5144,3,2625,0,70,3,2528
24/10/2020,5,0,5290,111,,7496988,3439666,4057322,5,5149,3,2628,0,70,3,2531
25/10/2020,6,0,5296,111,,7496988,3439666,4057322,6,5155,3,2631,0,70,3,2534
26/10/2020,8,0,5304,111,,7496988,3439666,4057322,8,5163,7,2638,0,70,7,2541
27/10/2020,5,0,5309,111,,7496988,3439666,4057322,5,5168,3,2641,0,70,3,2544
28/10/2020,2,0,5311,111,,7496988,3439666,4057322,2,5170,0,2641,0,70,0,2544
29/10/2020,3,0,5314,111,,7496988,3439666,4057322,3,5173,0,2641,0,70,0,2544
30/10/2020,7,0,5321,111,,7496988,3439666,4057322,7,5180,4,2645,0,70,4,2548
31/10/2020,3,0,5324,111,,7496988,3439666,4057322,3,5183,3,2648,0,70,3,2551
1/11/2020,7,0,5331,111,,7496988,3439666,4057322,7,5190,2,2650,0,70,2,2553
2/11/2020,6,0,5337,111,,7496988,3439666,4057322,6,5196,4,2654,0,70,4,2557
3/11/2020,9,0,5346,111,,7496988,3439666,4057322,9,5205,4,2658,0,70,4,2561
4/11/2020,3,0,5349,111,,7496988,3439666,4057322,3,5208,1,2659,0,70,1,2562
5/11/2020,7,0,5356,111,,7496988,3439666,4057322,7,5215,5,2664,0,70,5,2567
6/11/2020,6,0,5362,111,,7496988,3439666,4057322,6,5221,4,2668,0,70,4,2571
7/11/2020,3,0,5365,111,,7496988,3439666,4057322,3,5224,2,2670,0,70,2,2573
8/11/2020,10,0,5375,111,,7496988,3439666,4057322,10,5234,3,2673,0,70,3,2576
9/11/2020,6,0,5381,111,,7496988,3439666,4057322,6,5240,5,2678,0,70,5,2581
10/11/2020,9,0,5390,111,,7496988,3439666,4057322,9,5249,2,2680,0,70,2,2583
11/11/2020,18,0,5408,111,,7496988,3439666,4057322,18,5267,8,2688,0,70,8,2591
12/11/2020,23,1,5431,112,,7496988,3439666,4057322,22,5289,18,2706,1,71,17,2608
13/11/2020,6,0,5437,112,,7496988,3439666,4057322,6,5295,3,2709,0,71,3,2611
14/11/2020,8,0,5445,112,,7496988,3439666,4057322,8,5303,5,2714,0,71,5,2616
15/11/2020,14,0,5459,112,,7496988,3439666,4057322,14,5317,6,2720,0,71,6,2622
16/11/2020,8,0,5467,112,,7496988,3439666,4057322,8,5325,5,2725,0,71,5,2627
17/11/2020,4,0,5471,112,,7496988,3439666,4057322,4,5329,4,2729,0,71,4,2631
18/11/2020,9,0,5480,112,,7496988,3439666,4057322,9,5338,6,2735,0,71,6,2637
19/11/2020,12,0,5492,112,,7496988,3439666,4057322,12,5350,7,2742,0,71,7,2644
20/11/2020,26,0,5518,112,,7496988,3439666,4057322,26,5376,16,2758,0,71,16,2660
21/11/2020,43,1,5561,113,,7496988,3439666,4057322,42,5418,20,2778,0,71,20,2680
22/11/2020,68,0,5629,113,,7496988,3439666,4057322,68,5486,31,2809,0,71,31,2711
23/11/2020,73,0,5702,113,,7496988,3439666,4057322,73,5559,29,2838,0,71,29,2740
24/11/2020,80,3,5782,116,,7496988,3439666,4057322,77,5636,40,2878,3,74,37,2777
25/11/2020,85,1,5867,117,,7496988,3439666,4057322,84,5720,32,2910,1,75,31,2808
26/11/2020,81,0,5948,117,,7496988,3439666,4057322,81,5801,33,2943,0,75,33,2841
27/11/2020,92,1,6040,118,,7496988,3439666,4057322,91,5892,49,2992,1,76,48,2889
28/11/2020,84,1,6124,119,,7496988,3439666,4057322,83,5975,35,3027,0,76,35,2924
29/11/2020,115,2,6239,121,,7496988,3439666,4057322,113,6088,42,3069,2,78,40,2964
30/11/2020,76,3,6315,124,,7496988,3439666,4057322,73,6161,33,3102,2,80,31,2995
1/12/2020,82,2,6397,126,,7496988,3439666,4057322,80,6241,32,3134,0,80,32,3027
2/12/2020,103,1,6500,127,,7496988,3439666,4057322,102,6343,61,3195,0,80,61,3088
3/12/2020,90,1,6590,128,,7496988,3439666,4057322,89,6432,47,3242,0,80,47,3135
4/12/2020,112,2,6702,130,,7496988,3439666,4057322,110,6542,53,3295,1,81,52,3187
5/12/2020,101,2,6803,132,,7496988,3439666,4057322,99,6641,48,3343,1,82,47,3234
6/12/2020,95,8,6898,140,,7496988,3439666,4057322,87,6728,48,3391,5,87,43,3277
7/12/2020,78,5,6976,145,,7496988,3439666,4057322,73,6801,44,3435,4,91,40,3317
8/12/2020,100,2,7076,147,,7496988,3439666,4057322,98,6899,45,3480,1,92,44,3361
9/12/2020,104,3,7180,150,,7496988,3439666,4057322,101,7000,45,3525,2,94,43,3404
10/12/2020,112,1,7292,151,,7496988,3439666,4057322,111,7111,46,3571,1,95,45,3449
11/12/2020,86,1,7378,152,,7496988,3439666,4057322,85,7196,38,3609,0,95,38,3487
12/12/2020,69,2,7447,154,,7496988,3439666,4057322,67,7263,36,3645,2,97,34,3521
13/12/2020,95,1,7542,155,,7496988,3439666,4057322,94,7357,44,3689,0,97,44,3565
14/12/2020,82,2,7624,157,,7496988,3439666,4057322,80,7437,39,3728,2,99,37,3602
15/12/2020,98,0,7722,157,,7496988,3439666,4057322,98,7535,43,3771,0,99,43,3645
16/12/2020,82,2,7804,159,,7496988,3439666,4057322,80,7615,42,3813,1,100,41,3686
17/12/2020,96,2,7900,161,,7496988,3439666,4057322,94,7709,44,3857,1,101,43,3729
18/12/2020,70,1,7970,162,,7496988,3439666,4057322,69,7778,27,3884,0,101,27,3756
19/12/2020,109,3,8079,165,,7496988,3439666,4057322,106,7884,49,3933,2,103,47,3803
20/12/2020,74,1,8153,166,,7496988,3439666,4057322,73,7957,30,3963,0,103,30,3833
21/12/2020,85,1,8238,167,,7496988,3439666,4057322,84,8041,40,4003,1,104,39,3872
22/12/2020,63,0,8301,167,,7496988,3439666,4057322,63,8104,35,4038,0,104,35,3907
23/12/2020,53,1,8354,168,,7496988,3439666,4057322,52,8156,28,4066,1,105,27,3934
24/12/2020,71,1,8425,169,,7496988,3439666,4057322,70,8226,33,4099,0,105,33,3967
25/12/2020,57,5,8482,174,,7496988,3439666,4057322,52,8278,29,4128,4,109,25,3992
26/12/2020,59,1,8541,175,,7496988,3439666,4057322,58,8336,27,4155,0,109,27,4019
27/12/2020,70,3,8611,178,,7496988,3439666,4057322,67,8403,34,4189,1,110,33,4052
28/12/2020,61,1,8672,179,,7496988,3439666,4057322,60,8463,17,4206,1,111,16,4068
29/12/2020,53,1,8725,180,,7496988,3439666,4057322,52,8515,23,4229,0,111,23,4091
30/12/2020,54,1,8779,181,,7496988,3439666,4057322,53,8568,23,4252,0,111,23,4114
31/12/2020,68,0,8847,181,,7496988,3439666,4057322,68,8636,37,4289,0,111,37,4151
1/1/2021,42,1,8889,182,,7496988,3439666,4057322,41,8677,20,4309,1,112,19,4170
2/1/2021,35,1,8924,183,,7496988,3439666,4057322,34,8711,15,4324,1,113,14,4184
3/1/2021,41,1,8965,184,,7496988,3439666,4057322,40,8751,22,4346,0,113,22,4206
4/1/2021,53,0,9018,184,,7496988,3439666,4057322,53,8804,27,4373,0,113,27,4233
5/1/2021,32,2,9050,186,,7496988,3439666,4057322,30,8834,15,4388,0,113,15,4248
6/1/2021,25,2,9075,188,,7496988,3439666,4057322,23,8857,17,4405,2,115,15,4263
7/1/2021,33,0,9108,188,,7496988,3439666,4057322,33,8890,15,4420,0,115,15,4278
8/1/2021,45,0,9153,188,,7496988,3439666,4057322,45,8935,16,4436,0,115,16,4294
9/1/2021,59,0,9212,188,,7496988,3439666,4057322,59,8994,26,4462,0,115,26,4320
10/1/2021,31,0,9243,188,,7496988,3439666,4057322,30,9024,20,4482,0,115,19,4339
11/1/2021,41,0,9284,188,,7496988,3439666,4057322,41,9065,21,4503,0,115,21,4360
12/1/2021,60,1,9344,189,,7496988,3439666,4057322,59,9124,30,4533,0,115,30,4390
13/1/2021,42,0,9386,189,,7496988,3439666,4057322,42,9166,15,4548,0,115,15,4405
14/1/2021,29,0,9415,189,,7496988,3439666,4057322,29,9195,13,4561,0,115,13,4418
15/1/2021,38,1,9453,190,,7496988,3439666,4057322,37,9232,21,4582,1,116,20,4438
16/1/2021,50,0,9503,190,,7496988,3439666,4057322,50,9282,21,4603,0,116,21,4459
17/1/2021,55,1,9558,191,,7496988,3439666,4057322,54,9336,16,4619,0,116,16,4475
18/1/2021,107,3,9665,194,,7496988,3439666,4057322,104,9440,56,4675,2,118,54,4529
19/1/2021,56,0,9721,194,,7496988,3439666,4057322,56,9496,24,4699,0,118,24,4553
20/1/2021,77,1,9798,195,,7496988,3439666,4057322,76,9572,31,4730,0,118,31,4584
21/1/2021,70,1,9868,196,,7496988,3439666,4057322,69,9641,38,4768,0,118,38,4622
22/1/2021,61,0,9929,196,,7496988,3439666,4057322,61,9702,33,4801,0,118,33,4655
23/1/2021,81,2,10010,198,,7496988,3439666,4057322,79,9781,36,4837,0,118,36,4691
24/1/2021,76,1,10086,199,,7496988,3439666,4057322,75,9856,35,4872,1,119,34,4725
25/1/2021,73,1,10159,200,,7496988,3439666,4057322,72,9928,36,4908,0,119,36,4761
26/1/2021,64,0,10223,200,,7496988,3439666,4057322,64,9992,35,4943,0,119,35,4796
27/1/2021,60,1,10283,201,,7496988,3439666,4057322,59,10051,30,4973,0,119,30,4826
28/1/2021,39,1,10322,202,,7496988,3439666,4057322,38,10089,22,4995,0,119,22,4848
29/1/2021,50,2,10372,204,,7496988,3439666,4057322,48,10137,28,5023,2,121,26,4874
30/1/2021,28,1,10400,205,,7496988,3439666,4057322,27,10164,17,5040,0,121,17,4891
31/1/2021,53,0,10453,205,,7496988,3439666,4057322,53,10217,23,5063,0,121,23,4914
1/2/2021,34,0,10487,205,,7496988,3439666,4057322,34,10251,16,5079,0,121,16,4930
2/2/2021,25,1,10512,206,,7496988,3439666,4057322,24,10275,13,5092,0,121,13,4943
3/2/2021,19,1,10531,207,,7496988,3439666,4057322,18,10293,10,5102,1,122,9,4952
4/2/2021,22,0,10553,207,,7496988,3439666,4057322,22,10315,14,5116,0,122,14,4966
5/2/2021,37,1,10590,208,,7496988,3439666,4057322,36,10351,17,5133,1,123,16,4982
6/2/2021,19,0,10609,208,,7496988,3439666,4057322,19,10370,9,5142,0,123,9,4991
7/2/2021,27,0,10636,208,,7496988,3439666,4057322,27,10397,9,5151,0,123,9,5000
8/2/2021,32,0,10668,208,,7496988,3439666,4057322,32,10429,12,5163,0,123,12,5012
9/2/2021,26,0,10694,208,,7496988,3439666,4057322,26,10455,16,5179,0,123,16,5028
10/2/2021,17,0,10711,208,,7496988,3439666,4057322,17,10472,8,5187,0,123,8,5036
11/2/2021,21,1,10732,209,,7496988,3439666,4057322,20,10492,10,5197,1,124,9,5045
12/2/2021,24,0,10756,209,,7496988,3439666,4057322,24,10516,10,5207,0,124,10,5055
13/2/2021,12,0,10768,209,,7496988,3439666,4057322,12,10528,3,5210,0,124,3,5058
14/2/2021,12,0,10780,209,,7496988,3439666,4057322,12,10540,5,5215,0,124,5,5063
15/2/2021,9,0,10789,209,,7496988,3439666,4057322,9,10549,3,5218,0,124,3,5066
16/2/2021,8,0,10797,209,,7496988,3439666,4057322,8,10557,2,5220,0,124,2,5068
17/2/2021,16,0,10813,209,,7496988,3439666,4057322,16,10573,11,5231,0,124,11,5079
18/2/2021,8,0,10821,209,,7496988,3439666,4057322,8,10581,3,5234,0,124,3,5082
19/2/2021,13,0,10834,209,,7496988,3439666,4057322,13,10594,5,5239,0,124,5,5087
20/2/2021,15,0,10849,209,,7496988,3439666,4057322,15,10609,8,5247,0,124,8,5095
21/2/2021,20,0,10869,209,,7496988,3439666,4057322,20,10629,9,5256,0,124,9,5104
22/2/2021,16,0,10885,209,47,7496988,3439666,4057322,16,10645,5,5261,0,124,5,5109
23/2/2021,12,0,10897,209,579,7496988,3439666,4057322,12,10657,6,5267,0,124,6,5115
24/2/2021,17,0,10914,209,,7496988,3439666,4057322,17,10674,8,5275,0,124,8,5123
25/2/2021,13,0,10927,209,,7496988,3439666,4057322,13,10687,5,5280,0,124,5,5128
26/2/2021,24,0,10951,209,6645,7496988,3439666,4057322,24,10711,12,5292,0,124,12,5140
27/2/2021,33,1,10984,210,13684,7496988,3439666,4057322,32,10743,15,5307,0,124,15,5155
28/2/2021,22,0,11006,210,20699,7496988,3439666,4057322,22,10765,10,5317,0,124,10,5165
1/3/2021,14,0,11020,210,27107,7496988,3439666,4057322,14,10779,9,5326,0,124,9,5174
2/3/2021,13,0,11033,210,40178,7496988,3439666,4057322,13,10792,5,5331,0,124,5,5179
3/3/2021,14,0,11047,210,51844,7496988,3439666,4057322,14,10806,8,5339,0,124,8,5187
4/3/2021,9,0,11056,210,62233,7496988,3439666,4057322,9,10815,7,5346,0,124,7,5194
5/3/2021,11,0,11067,210,72371,7496988,3439666,4057322,11,10826,4,5350,0,124,4,5198
6/3/2021,8,0,11075,210,84026,7496988,3439666,4057322,8,10834,2,5352,0,124,2,5200
7/3/2021,16,0,11091,210,93018,7496988,3439666,4057322,16,10850,5,5357,0,124,5,5205
8/3/2021,9,0,11100,210,103843,7496988,3439666,4057322,9,10859,4,5361,0,124,4,5209
9/3/2021,21,0,11121,210,113518,7496988,3439666,4057322,21,10880,12,5373,0,124,12,5221
10/3/2021,8,0,11129,210,130539,7496988,3439666,4057322,8,10888,4,5377,0,124,4,5225
11/3/2021,22,0,11151,210,145899,7496988,3439666,4057322,22,10910,11,5388,0,124,11,5236
12/3/2021,60,0,11211,210,162221,7496988,3439666,4057322,60,10970,32,5420,0,124,32,5268
13/3/2021,47,0,11258,210,177101,7496988,3439666,4057322,46,11016,25,5445,0,124,25,5293
14/3/2021,24,0,11282,210,190721,7496988,3439666,4057322,23,11039,12,5457,0,124,12,5305
15/3/2021,30,0,11312,210,206084,7496988,3439666,4057322,30,11069,13,5470,0,124,13,5318
16/3/2021,18,0,11330,210,229411,7496988,3439666,4057322,18,11087,10,5480,0,124,10,5328
17/3/2021,11,0,11341,210,254010,7496988,3439666,4057322,11,11098,4,5484,0,124,4,5332
18/3/2021,10,0,11351,210,276636,7496988,3439666,4057322,10,11108,5,5489,0,124,5,5337
19/3/2021,13,0,11364,210,304241,7496988,3439666,4057322,12,11120,6,5495,0,124,6,5343
20/3/2021,8,0,11372,210,330608,7496988,3439666,4057322,8,11128,4,5499,0,124,4,5347
21/3/2021,8,0,11380,210,354428,7496988,3439666,4057322,8,11136,4,5503,0,124,4,5351
22/3/2021,18,0,11398,210,379640,7496988,3439666,4057322,18,11154,5,5508,0,124,5,5356
23/3/2021,12,0,11410,210,403077,7496988,3439666,4057322,12,11166,6,5514,0,124,6,5362
24/3/2021,10,0,11420,210,412820,7496988,3439666,4057322,10,11176,6,5520,0,124,6,5368
25/3/2021,9,0,11429,210,421012,7496988,3439666,4057322,9,11185,2,5522,0,124,2,5370
26/3/2021,11,0,11440,210,429531,7496988,3439666,4057322,11,11196,3,5525,0,124,3,5373
27/3/2021,6,0,11446,210,437263,7496988,3439666,4057322,6,11202,3,5528,0,124,3,5376
28/3/2021,1,0,11447,210,443898,7496988,3439666,4057322,1,11203,0,5528,0,124,0,5376
29/3/2021,8,0,11455,210,450516,7496988,3439666,4057322,8,11211,3,5531,0,124,3,5379
30/3/2021,7,0,11462,210,455921,7496988,3439666,4057322,7,11218,4,5535,0,124,4,5383
31/3/2021,6,0,11468,210,461054,7496988,3439666,4057322,6,11224,2,5537,0,124,2,5385
1/4/2021,13,0,11481,210,466277,7496988,3439666,4057322,13,11237,2,5539,0,124,2,5387
2/4/2021,19,0,11500,210,471420,7496988,3439666,4057322,19,11256,7,5546,0,124,7,5394
3/4/2021,2,0,11502,210,475045,7496988,3439666,4057322,2,11258,1,5547,0,124,1,5395
4/4/2021,7,0,11509,210,478874,7496988,3439666,4057322,7,11265,2,5549,0,124,2,5397
5/4/2021,16,0,11525,210,486973,7496988,3439666,4057322,16,11281,7,5556,0,124,7,5404
6/4/2021,7,0,11532,210,502690,7496988,3439666,4057322,7,11288,4,5560,0,124,4,5408
7/4/2021,8,0,11540,210,516020,7496988,3439666,4057322,8,11296,5,5565,0,124,5,5413
8/4/2021,10,1,11550,211,529476,7496988,3439666,4057322,9,11305,1,5566,0,124,1,5414
9/4/2021,14,0,11564,211,543627,7496988,3439666,4057322,14,11319,4,5570,0,124,4,5418
10/4/2021,5,0,11569,211,559928,7496988,3439666,4057322,5,11324,3,5573,0,124,3,5421
11/4/2021,13,0,11582,211,578938,7496988,3439666,4057322,13,11337,9,5582,0,124,9,5430
12/4/2021,13,0,11595,211,597554,7496988,3439666,4057322,13,11350,4,5586,0,124,4,5434
13/4/2021,13,0,11608,211,615408,7496988,3439666,4057322,13,11363,4,5590,0,124,4,5438
14/4/2021,5,1,11613,212,632363,7496988,3439666,4057322,4,11367,3,5593,1,125,2,5440
15/4/2021,6,0,11619,212,648997,7496988,3439666,4057322,6,11373,3,5596,0,125,3,5443
16/4/2021,17,0,11636,212,671882,7496988,3439666,4057322,17,11390,4,5600,0,125,4,5447
17/4/2021,18,0,11654,212,697330,7496988,3439666,4057322,18,11408,9,5609,0,125,9,5456
18/4/2021,30,0,11684,212,719899,7496988,3439666,4057322,30,11438,11,5620,0,125,11,5467
19/4/2021,12,0,11696,212,741388,7496988,3439666,4057322,12,11450,5,5625,0,125,5,5472
20/4/2021,8,0,11704,212,758676,7496988,3439666,4057322,7,11457,1,5626,0,125,1,5473
21/4/2021,1,0,11705,212,773888,7496988,3439666,4057322,1,11458,0,5626,0,125,0,5473
22/4/2021,14,0,11719,212,789280,7496988,3439666,4057322,14,11472,7,5633,0,125,7,5480
23/4/2021,9,0,11728,212,806727,7496988,3439666,4057322,8,11480,1,5634,0,125,1,5481
24/4/2021,3,0,11731,212,828257,7496988,3439666,4057322,3,11483,2,5636,0,125,2,5483
25/4/2021,6,0,11737,212,842680,7496988,3439666,4057322,6,11489,1,5637,0,125,1,5484
26/4/2021,4,0,11741,212,859937,7496988,3439666,4057322,4,11493,2,5639,0,125,2,5486
27/4/2021,8,0,11749,212,872381,7496988,3439666,4057322,8,11501,4,5643,0,125,4,5490
28/4/2021,7,0,11756,212,884169,7496988,3439666,4057322,7,11508,1,5644,0,125,1,5491
29/4/2021,15,0,11771,212,897010,7496988,3439666,4057322,15,11523,7,5651,0,125,7,5498
30/4/2021,4,0,11775,212,916316,7496988,3439666,4057322,4,11527,1,5652,0,125,1,5499
1/5/2021,8,0,11783,212,936395,7496988,3439666,4057322,8,11535,2,5654,0,125,2,5501
2/5/2021,2,0,11785,212,952145,7496988,3439666,4057322,2,11537,0,5654,0,125,0,5501
3/5/2021,2,0,11787,212,971935,7496988,3439666,4057322,2,11539,1,5655,0,125,1,5502
4/5/2021,4,0,11791,212,989766,7496988,3439666,4057322,4,11543,0,5655,0,125,0,5502
5/5/2021,6,0,11797,212,1005426,7496988,3439666,4057322,6,11549,0,5655,0,125,0,5502
6/5/2021,2,0,11799,212,1021222,7496988,3439666,4057322,2,11551,0,5655,0,125,0,5502
7/5/2021,2,0,11801,212,1038366,7496988,3439666,4057322,2,11553,0,5655,0,125,0,5502
8/5/2021,5,0,11806,212,1055518,7496988,3439666,4057322,5,11558,1,5656,0,125,1,5503
9/5/2021,1,0,11807,212,1071458,7496988,3439666,4057322,1,11559,0,5656,0,125,0,5503
10/5/2021,4,0,11811,212,1087201,7496988,3439666,4057322,4,11563,0,5656,0,125,0,5503
11/5/2021,1,0,11812,212,1100425,7496988,3439666,4057322,1,11564,0,5656,0,125,0,5503
12/5/2021,2,0,11814,212,1112092,7496988,3439666,4057322,2,11566,1,5657,0,125,1,5504
13/5/2021,3,0,11817,212,1123394,7496988,3439666,4057322,3,11569,1,5658,0,125,1,5505
14/5/2021,1,0,11818,212,1138069,7496988,3439666,4057322,1,11570,1,5659,0,125,1,5506
15/5/2021,3,0,11821,212,1153973,7496988,3439666,4057322,3,11573,1,5660,0,125,1,5507
16/5/2021,4,0,11825,212,1167862,7496988,3439666,4057322,4,11577,2,5662,0,125,2,5509
17/5/2021,1,0,11826,212,1180439,7496988,3439666,4057322,1,11578,0,5662,0,125,0,5509
18/5/2021,1,0,11827,212,1193629,7496988,3439666,4057322,1,11579,1,5663,0,125,1,5510
19/5/2021,1,0,11828,212,1202372,7496988,3439666,4057322,1,11580,1,5664,0,125,1,5511
20/5/2021,1,0,11829,212,1213127,7496988,3439666,4057322,1,11581,0,5664,0,125,0,5511
21/5/2021,1,0,11830,212,1227137,7496988,3439666,4057322,1,11582,0,5664,0,125,0,5511
22/5/2021,1,0,11831,212,1243001,7496988,3439666,4057322,1,11583,0,5664,0,125,0,5511
23/5/2021,2,0,11833,212,1254797,7496988,3439666,4057322,2,11585,1,5665,0,125,1,5512
24/5/2021,1,0,11834,212,1267445,7496988,3439666,4057322,1,11586,0,5665,0,125,0,5512
25/5/2021,2,0,11836,212,1278565,7496988,3439666,4057322,2,11588,1,5666,0,125,1,5513
26/5/2021,1,0,11837,212,1289777,7496988,3439666,4057322,1,11589,0,5666,0,125,0,5513
27/5/2021,,,,,1302550,7496988,3439666,4057322,,,,,,,,
28/5/2021,,,,,1319749,7496988,3439666,4057322,,,,,,,,
29/5/2021,1,0,11838,212,1342216,7496988,3439666,4057322,1,11590,0,5666,0,125,0,5513
30/5/2021,,,,,1359368,7496988,3439666,4057322,,,,,,,,
31/5/2021,4,0,11842,212,1379457,7496988,3439666,4057322,4,11594,1,5667,0,125,1,5514
1/6/2021,6,0,11848,212,1399306,7496988,3439666,4057322,6,11600,0,5667,0,125,0,5514
2/6/2021,1,0,11849,212,1419122,7496988,3439666,4057322,1,11601,1,5668,0,125,1,5515
3/6/2021,1,0,11850,212,1442966,7496988,3439666,4057322,1,11602,0,5668,0,125,0,5515
4/6/2021,1,0,11851,212,1472110,7496988,3439666,4057322,1,11603,0,5668,0,125,0,5515
5/6/2021,1,0,11852,212,1503592,7496988,3439666,4057322,1,11604,0,5668,0,125,0,5515
6/6/2021,7,0,11859,212,1528145,7496988,3439666,4057322,7,11611,3,5671,0,125,3,5518
7/6/2021,7,0,11866,212,1557556,7496988,3439666,4057322,7,11618,1,5672,0,125,1,5519
8/6/2021,3,0,11869,212,1583972,7496988,3439666,4057322,3,11621,1,5673,0,125,1,5520
9/6/2021,4,0,11873,212,1608438,7496988,3439666,4057322,4,11625,2,5675,0,125,2,5522
10/6/2021,2,0,11875,212,1636521,7496988,3439666,4057322,2,11627,2,5677,0,125,2,5524
11/6/2021,,,,,1671929,7496988,3439666,4057322,,,,,,,,
12/6/2021,3,0,11878,212,1708052,7496988,3439666,4057322,3,11630,0,5677,0,125,0,5524
13/6/2021,,,,,1738141,7496988,3439666,4057322,,,,,,,,
14/6/2021,1,0,11879,212,1761592,7496988,3439666,4057322,1,11631,0,5677,0,125,0,5524
15/6/2021,2,0,11881,212,1790762,7496988,3439666,4057322,2,11633,0,5677,0,125,0,5524
16/6/2021,1,0,11882,212,1817952,7496988,3439666,4057322,0,11633,1,5678,0,125,0,5524
17/6/2021,,,,,1847187,7496988,3439666,4057322,,,,,,,,
18/6/2021,3,0,11885,212,1883019,7496988,3439666,4057322,3,11636,1,5679,0,125,1,5525
19/6/2021,1,0,11886,212,1916400,7496988,3439666,4057322,1,11637,0,5679,0,125,0,5525
20/6/2021,1,0,11887,212,1940430,7496988,3439666,4057322,1,11638,1,5680,0,125,1,5526
21/6/2021,3,0,11890,212,1970926,7496988,3439666,4057322,3,11641,0,5680,0,125,0,5526
22/6/2021,7,0,11897,212,1998729,7496988,3439666,4057322,6,11647,1,5681,0,125,0,5526
23/6/2021,2,0,11899,212,2026208,7496988,3439666,4057322,2,11649,1,5682,0,125,1,5527
24/6/2021,7,0,11906,212,2056855,7496988,3439666,4057322,7,11656,4,5686,0,125,4,5531
25/6/2021,4,1,11910,213,2092284,7496988,3439666,4057322,3,11659,2,5688,1,126,1,5532
26/6/2021,2,0,11912,213,2122642,7496988,3439666,4057322,1,11660,1,5689,0,126,0,5532
27/6/2021,6,0,11918,213,2150355,7496988,3439666,4057322,6,11666,3,5692,0,126,3,5535
28/6/2021,3,0,11921,213,2179643,7496988,3439666,4057322,3,11669,1,5693,0,126,1,5536
29/6/2021,1,0,11922,213,2212442,7496988,3439666,4057322,1,11670,1,5694,0,126,1,5537
30/6/2021,2,0,11924,213,2249122,7496988,3439666,4057322,2,11672,1,5695,0,126,1,5538
1/7/2021,4,0,11928,213,2281794,7496988,3439666,4057322,4,11676,1,5696,0,126,1,5539
2/7/2021,11,0,11939,213,2316429,7496988,3439666,4057322,11,11687,7,5703,0,126,7,5546
3/7/2021,1,0,11940,213,2343637,7496988,3439666,4057322,1,11688,1,5704,0,126,1,5547
4/7/2021,3,0,11943,213,2370461,7496988,3439666,4057322,3,11691,3,5707,0,126,3,5550
5/7/2021,1,0,11944,213,2406830,7496988,3439666,4057322,1,11692,1,5708,0,126,1,5551
6/7/2021,1,0,11945,213,2440808,7496988,3439666,4057322,1,11693,1,5709,0,126,1,5552
7/7/2021,1,0,11946,213,2473894,7496988,3439666,4057322,1,11694,1,5710,0,126,1,5553
8/7/2021,3,0,11949,213,2509243,7496988,3439666,4057322,3,11697,3,5713,0,126,3,5556
9/7/2021,1,0,11950,213,2541828,7496988,3439666,4057322,1,11698,1,5714,0,126,1,5557
10/7/2021,1,0,11951,213,2565235,7496988,3439666,4057322,1,11699,1,5715,0,126,1,5558
11/7/2021,1,0,11952,213,2591798,7496988,3439666,4057322,1,11700,1,5716,0,126,1,5559
12/7/2021,,,,,2628640,7496988,3439666,4057322,,,,,,,,
13/7/2021,1,0,11953,213,2664635,7496988,3439666,4057322,1,11701,0,5716,0,126,0,5559
14/7/2021,3,0,11956,213,2698544,7496988,3439666,4057322,3,11704,2,5718,0,126,2,5561
15/7/2021,,,,,2731325,7496988,3439666,4057322,,,,,,,,
16/7/2021,1,0,11957,213,2763603,7496988,3439666,4057322,1,11705,0,5718,0,126,0,5561
17/7/2021,,,,,2790267,7496988,3439666,4057322,,,,,,,,
18/7/2021,2,0,11959,213,2816918,7496988,3439666,4057322,2,11707,1,5719,0,126,1,5562
19/7/2021,,,,,2853325,7496988,3439666,4057322,,,,,,,,
20/7/2021,7,0,11966,213,2888042,7496988,3439666,4057322,7,11714,5,5724,0,126,5,5567
21/7/2021,5,0,11971,213,2922520,7496988,3439666,4057322,5,11719,1,5725,0,126,1,5568
22/7/2021,1,0,11972,213,2955655,7496988,3439666,4057322,1,11720,0,5725,0,126,0,5568
23/7/2021,2,0,11974,213,2982533,7496988,3439666,4057322,2,11722,0,5725,0,126,0,5568
24/7/2021,2,0,11976,213,3006598,7496988,3439666,4057322,2,11724,1,5726,0,126,1,5569
25/7/2021,3,0,11979,213,3032074,7496988,3439666,4057322,3,11727,2,5728,0,126,2,5571
26/7/2021,,,,,3065003,7496988,3439666,4057322,,,,,,,,
27/7/2021,1,0,11980,213,3099546,7496988,3439666,4057322,1,11728,1,5729,0,126,1,5572
28/7/2021,1,0,11981,213,3132490,7496988,3439666,4057322,1,11729,0,5729,0,126,0,5572
29/7/2021,2,0,11983,213,3165625,7496988,3439666,4057322,2,11731,2,5731,0,126,2,5574
30/7/2021,2,0,11985,213,3197306,7496988,3439666,4057322,2,11733,2,5733,0,126,2,5576
31/7/2021,,,,,3227253,7496988,3439666,4057322,,,,,,,,
1/8/2021,3,0,11988,213,3255998,7496988,3439666,4057322,3,11736,0,5733,0,126,0,5576
2/8/2021,3,0,11991,213,3292435,7496988,3439666,4057322,3,11739,2,5735,0,126,2,5578
3/8/2021,4,0,11995,213,3330790,7496988,3439666,4057322,4,11743,2,5737,0,126,2,5580
4/8/2021,2,0,11997,213,3365998,7496988,3439666,4057322,2,11745,0,5737,0,126,0,5580
5/8/2021,6,0,12003,213,3401410,7496988,3439666,4057322,6,11751,4,5741,0,126,4,5584
6/8/2021,2,0,12005,213,3434107,7496988,3439666,4057322,2,11753,1,5742,0,126,1,5585
7/8/2021,7,0,12012,213,3463781,7496988,3439666,4057322,7,11760,6,5748,0,126,6,5591
8/8/2021,2,0,12014,213,3493799,7496988,3439666,4057322,2,11762,1,5749,0,126,1,5592
9/8/2021,2,0,12016,213,3528631,7496988,3439666,4057322,2,11764,1,5750,0,126,1,5593
10/8/2021,4,0,12020,213,3565396,7496988,3439666,4057322,4,11768,3,5753,0,126,3,5596
11/8/2021,1,0,12021,213,3601537,7496988,3439666,4057322,1,11769,0,5753,0,126,0,5596
12/8/2021,5,0,12026,213,3634683,7496988,3439666,4057322,4,11773,4,5757,0,126,3,5599
13/8/2021,5,0,12031,213,3668196,7496988,3439666,4057322,5,11778,1,5758,0,126,1,5600
14/8/2021,2,0,12033,213,3698603,7496988,3439666,4057322,2,11780,1,5759,0,126,1,5601
15/8/2021,1,0,12034,213,3728210,7496988,3439666,4057322,1,11781,0,5759,0,126,0,5601
16/8/2021,3,0,12037,213,3763626,7496988,3439666,4057322,3,11784,3,5762,0,126,3,5604
17/8/2021,3,0,12040,213,3797427,7496988,3439666,4057322,3,11787,1,5763,0,126,1,5605
18/8/2021,3,0,12043,213,3829757,7496988,3439666,4057322,2,11789,2,5765,0,126,1,5606
19/8/2021,5,0,12048,213,3858456,7496988,3439666,4057322,5,11794,3,5768,0,126,3,5609
20/8/2021,2,0,12050,213,3884722,7496988,3439666,4057322,2,11796,1,5769,0,126,1,5610
21/8/2021,3,0,12053,213,3906879,7496988,3439666,4057322,3,11799,2,5771,0,126,2,5612
22/8/2021,5,0,12058,213,3928906,7496988,3439666,4057322,5,11804,4,5775,0,126,4,5616
23/8/2021,5,0,12063,213,3955878,7496988,3439666,4057322,5,11809,3,5778,0,126,3,5619
24/8/2021,7,0,12070,213,3983091,7496988,3439666,4057322,7,11816,2,5780,0,126,2,5621
25/8/2021,5,0,12075,213,4008092,7496988,3439666,4057322,5,11821,2,5782,0,126,2,5623
26/8/2021,3,0,12078,213,4031758,7496988,3439666,4057322,3,11824,3,5785,0,126,3,5626
27/8/2021,17,0,12095,213,4055525,7496988,3439666,4057322,17,11841,15,5800,0,126,15,5641
28/8/2021,6,0,12101,213,4077592,7496988,3439666,4057322,6,11847,4,5804,0,126,4,5645
29/8/2021,7,0,12108,213,4096381,7496988,3439666,4057322,7,11854,3,5807,0,126,3,5648
30/8/2021,3,0,12111,213,4119672,7496988,3439666,4057322,3,11857,3,5810,0,126,3,5651
31/8/2021,2,0,12113,213,4139934,7496988,3439666,4057322,2,11859,1,5811,0,126,1,5652
1/9/2021,1,0,12114,213,4161986,7496988,3439666,4057322,1,11860,0,5811,0,126,0,5652
2/9/2021,,,,,4182754,7496988,3439666,4057322,,,,,,,,
3/9/2021,4,0,12118,213,4205211,7496988,3439666,4057322,4,11864,0,5811,0,126,0,5652
4/9/2021,1,0,12119,213,4228144,7496988,3439666,4057322,1,11865,0,5811,0,126,0,5652
5/9/2021,8,0,12127,213,4244750,7496988,3439666,4057322,8,11873,5,5816,0,126,5,5657
6/9/2021,2,0,12129,213,4260160,7496988,3439666,4057322,2,11875,1,5817,0,126,1,5658
7/9/2021,6,0,12135,213,4272728,7496988,3439666,4057322,6,11881,2,5819,0,126,2,5660
8/9/2021,2,0,12137,213,4284800,7496988,3439666,4057322,2,11883,2,5821,0,126,2,5662
9/9/2021,2,0,12139,213,4298210,7496988,3439666,4057322,2,11885,1,5822,0,126,1,5663
10/9/2021,5,0,12144,213,4313520,7496988,3439666,4057322,5,11890,2,5824,0,126,2,5665
11/9/2021,4,0,12148,213,4329935,7496988,3439666,4057322,4,11894,3,5827,0,126,3,5668
12/9/2021,3,0,12151,213,4340216,7496988,3439666,4057322,3,11897,1,5828,0,126,1,5669
13/9/2021,1,0,12152,213,4350737,7496988,3439666,4057322,1,11898,1,5829,0,126,1,5670
14/9/2021,2,0,12154,213,4358999,7496988,3439666,4057322,2,11900,1,5830,0,126,1,5671
15/9/2021,1,0,12155,213,4367261,7496988,3439666,4057322,1,11901,0,5830,0,126,0,5671
16/9/2021,,,,,4376021,7496988,3439666,4057322,,,,,,,,
17/9/2021,3,0,12158,213,4387204,7496988,3439666,4057322,3,11904,3,5833,0,126,3,5674
18/9/2021,5,0,12163,213,4398723,7496988,3439666,4057322,5,11909,1,5834,0,126,1,5675
19/9/2021,3,0,12166,213,4405047,7496988,3439666,4057322,3,11912,1,5835,0,126,1,5676
20/9/2021,5,0,12171,213,4412467,7496988,3439666,4057322,5,11917,3,5838,0,126,3,5679
21/9/2021,1,0,12172,213,4418020,7496988,3439666,4057322,1,11918,1,5839,0,126,1,5680
22/9/2021,1,0,12173,213,4422178,7496988,3439666,4057322,1,11919,0,5839,0,126,0,5680
23/9/2021,2,0,12175,213,4430260,7496988,3439666,4057322,2,11921,2,5841,0,126,2,5682
24/9/2021,7,0,12182,213,4441249,7496988,3439666,4057322,7,11928,5,5846,0,126,5,5687
25/9/2021,9,0,12191,213,4451348,7496988,3439666,4057322,9,11937,7,5853,0,126,7,5694
26/9/2021,8,0,12199,213,4457272,7496988,3439666,4057322,8,11945,4,5857,0,126,4,5698
27/9/2021,3,0,12202,213,4465696,7496988,3439666,4057322,3,11948,1,5858,0,126,1,5699
28/9/2021,13,0,12215,213,4472769,7496988,3439666,4057322,13,11961,9,5867,0,126,9,5708
29/9/2021,5,0,12220,213,4480555,7496988,3439666,4057322,5,11966,0,5867,0,126,0,5708
30/9/2021,3,0,12223,213,4492445,7496988,3439666,4057322,3,11969,2,5869,0,126,2,5710
1/10/2021,4,0,12227,213,4497907,7496988,3439666,4057322,4,11973,3,5872,0,126,3,5713
2/10/2021,5,0,12232,213,4503513,7496988,3439666,4057322,5,11978,3,5875,0,126,3,5716
3/10/2021,,,,,4506919,7496988,3439666,4057322,,,,,,,,
4/10/2021,4,0,12236,213,4512340,7496988,3439666,4057322,4,11982,2,5877,0,126,2,5718
5/10/2021,7,0,12243,213,4517495,7496988,3439666,4057322,7,11989,3,5880,0,126,3,5721
6/10/2021,6,0,12249,213,4521833,7496988,3439666,4057322,6,11995,5,5885,0,126,5,5726
7/10/2021,8,0,12257,213,4526534,7496988,3439666,4057322,8,12003,6,5891,0,126,6,5732
8/10/2021,2,0,12259,213,4530963,7496988,3439666,4057322,2,12005,2,5893,0,126,2,5734
9/10/2021,8,0,12267,213,4530989,7496988,3439666,4057322,8,12013,4,5897,0,126,4,5738
10/10/2021,,,,,4535288,7496988,3439666,4057322,,,,,,,,
11/10/2021,7,0,12274,213,4540724,7496988,3439666,4057322,7,12020,6,5903,0,126,6,5744
12/10/2021,4,0,12278,213,4543551,7496988,3439666,4057322,4,12024,2,5905,0,126,2,5746
13/10/2021,3,0,12281,213,,7496988,3439666,4057322,3,12027,1,5906,0,126,1,5747
14/10/2021,1,0,12282,213,4546927,7496988,3439666,4057322,1,12028,0,5906,0,126,0,5747
15/10/2021,9,0,12291,213,4552472,7496988,3439666,4057322,9,12037,2,5908,0,126,2,5749
16/10/2021,6,0,12297,213,4558629,7496988,3439666,4057322,6,12043,2,5910,0,126,2,5751
17/10/2021,3,0,12300,213,4561217,7496988,3439666,4057322,3,12046,1,5911,0,126,1,5752
18/10/2021,5,0,12305,213,4565857,7496988,3439666,4057322,5,12051,5,5916,0,126,5,5757
19/10/2021,2,0,12307,213,4569888,7496988,3439666,4057322,2,12053,1,5917,0,126,1,5758
20/10/2021,4,0,12311,213,4573359,7496988,3439666,4057322,4,12057,1,5918,0,126,1,5759
21/10/2021,6,0,12317,213,4577449,7496988,3439666,4057322,6,12063,3,5921,0,126,3,5762
22/10/2021,2,0,12319,213,4583069,7496988,3439666,4057322,2,12065,0,5921,0,126,0,5762
23/10/2021,6,0,12325,213,4587592,7496988,3439666,4057322,6,12071,5,5926,0,126,5,5767
24/10/2021,4,0,12329,213,4590093,7496988,3439666,4057322,4,12075,2,5928,0,126,2,5769
25/10/2021,4,0,12333,213,4593909,7496988,3439666,4057322,4,12079,1,5929,0,126,1,5770
26/10/2021,3,0,12336,213,4597345,7496988,3439666,4057322,3,12082,1,5930,0,126,1,5771
27/10/2021,5,0,12341,213,4600945,7496988,3439666,4057322,5,12087,2,5932,0,126,2,5773
28/10/2021,2,0,12343,213,4604845,7496988,3439666,4057322,2,12089,1,5933,0,126,1,5774
29/10/2021,5,0,12348,213,4609896,7496988,3439666,4057322,5,12094,2,5935,0,126,2,5776
30/10/2021,3,0,12351,213,4614816,7496988,3439666,4057322,3,12097,1,5936,0,126,1,5777
31/10/2021,1,0,12352,213,4617563,7496988,3439666,4057322,1,12098,0,5936,0,126,0,5777
1/11/2021,1,0,12353,213,4621451,7496988,3439666,4057322,1,12099,1,5937,0,126,1,5778
2/11/2021,2,0,12355,213,4625399,7496988,3439666,4057322,2,12101,1,5938,0,126,1,5779
3/11/2021,3,0,12358,213,4626797,7496988,3439666,4057322,3,12104,2,5940,0,126,2,5781
4/11/2021,7,0,12365,213,4631298,7496988,3439666,4057322,7,12111,3,5943,0,126,3,5784
5/11/2021,1,0,12366,213,4636412,7496988,3439666,4057322,1,12112,0,5943,0,126,0,5784
6/11/2021,7,0,12373,213,4642090,7496988,3439666,4057322,7,12119,2,5945,0,126,2,5786
7/11/2021,1,0,12374,213,4645335,7496988,3439666,4057322,1,12120,1,5946,0,126,1,5787
8/11/2021,,,,,4649442,7496988,3439666,4057322,,,,,,,,
9/11/2021,1,0,12375,213,4653290,7496988,3439666,4057322,1,12121,0,5946,0,126,0,5787
10/11/2021,5,0,12380,213,4654588,7496988,3439666,4057322,5,12126,3,5949,0,126,3,5790
11/11/2021,3,0,12383,213,4658736,7496988,3439666,4057322,3,12129,2,5951,0,126,2,5792
12/11/2021,1,0,12384,213,4664228,7496988,3439666,4057322,1,12130,1,5952,0,126,1,5793
13/11/2021,2,0,12386,213,4669954,7496988,3439666,4057322,2,12132,0,5952,0,126,0,5793
14/11/2021,1,0,12387,213,4673237,7496988,3439666,4057322,1,12133,1,5953,0,126,1,5794
15/11/2021,6,0,12393,213,4677486,7496988,3439666,4057322,6,12139,6,5959,0,126,6,5800
16/11/2021,1,0,12394,213,4681763,7496988,3439666,4057322,1,12140,0,5959,0,126,0,5800
17/11/2021,3,0,12397,213,4683169,7496988,3439666,4057322,3,12143,2,5961,0,126,2,5802
18/11/2021,4,0,12401,213,4688596,7496988,3439666,4057322,4,12147,4,5965,0,126,4,5806
19/11/2021,1,0,12402,213,4694445,7496988,3439666,4057322,1,12148,0,5965,0,126,0,5806
20/11/2021,3,0,12405,213,4701072,7496988,3439666,4057322,3,12151,2,5967,0,126,2,5808
21/11/2021,2,0,12407,213,4704797,7496988,3439666,4057322,2,12153,1,5968,0,126,1,5809
22/11/2021,3,0,12410,213,4709221,7496988,3439666,4057322,3,12156,1,5969,0,126,1,5810
23/11/2021,6,0,12416,213,4713320,7496988,3439666,4057322,6,12162,3,5972,0,126,3,5813
24/11/2021,1,0,12417,213,4714889,7496988,3439666,4057322,1,12163,0,5972,0,126,0,5813
25/11/2021,6,0,12423,213,4720623,7496988,3439666,4057322,6,12169,2,5974,0,126,2,5815
26/11/2021,4,0,12427,213,4727365,7496988,3439666,4057322,4,12173,3,5977,0,126,3,5818
27/11/2021,3,0,12430,213,4735713,7496988,3439666,4057322,3,12176,1,5978,0,126,1,5819
28/11/2021,3,0,12433,213,4741386,7496988,3439666,4057322,3,12179,3,5981,0,126,3,5822
29/11/2021,3,0,12436,213,4748536,7496988,3439666,4057322,3,12182,2,5983,0,126,2,5824
30/11/2021,6,0,12442,213,4756029,7496988,3439666,4057322,6,12188,2,5985,0,126,2,5826
1/12/2021,3,0,12445,213,4758098,7496988,3439666,4057322,3,12191,0,5985,0,126,0,5826
2/12/2021,6,0,12451,213,4763216,7496988,3439666,4057322,6,12197,5,5990,0,126,5,5831
3/12/2021,3,0,12454,213,4769801,7496988,3439666,4057322,3,12200,1,5991,0,126,1,5832
4/12/2021,4,0,12458,213,4776232,7496988,3439666,4057322,4,12204,2,5993,0,126,2,5834
5/12/2021,9,0,12467,213,4780171,7496988,3439666,4057322,9,12213,9,6002,0,126,9,5843
6/12/2021,5,0,12472,213,4784986,7496988,3439666,4057322,5,12218,3,6005,0,126,3,5846
7/12/2021,5,0,12477,213,4789625,7496988,3439666,4057322,5,12223,3,6008,0,126,3,5849
8/12/2021,,,,,4791729,7496988,3439666,4057322,,,,,,,,
9/12/2021,7,0,12484,213,4796408,7496988,3439666,4057322,7,12230,4,6012,0,126,4,5853
10/12/2021,4,0,12488,213,4801594,7496988,3439666,4057322,4,12234,2,6014,0,126,2,5855
11/12/2021,1,0,12489,213,4806784,7496988,3439666,4057322,1,12235,0,6014,0,126,0,5855
12/12/2021,5,0,12494,213,4809797,7496988,3439666,4057322,5,12240,2,6016,0,126,2,5857
13/12/2021,2,0,12496,213,4813647,7496988,3439666,4057322,2,12242,2,6018,0,126,2,5859
14/12/2021,5,0,12501,213,4817228,7496988,3439666,4057322,5,12247,2,6020,0,126,2,5861
15/12/2021,1,0,12502,213,4818990,7496988,3439666,4057322,1,12248,1,6021,0,126,1,5862
16/12/2021,10,0,12512,213,4823269,7496988,3439666,4057322,10,12258,6,6027,0,126,6,5868
17/12/2021,7,0,12519,213,4827583,7496988,3439666,4057322,7,12265,5,6032,0,126,5,5873
18/12/2021,5,0,12524,213,4831769,7496988,3439666,4057322,5,12270,2,6034,0,126,2,5875
19/12/2021,8,0,12532,213,4834315,7496988,3439666,4057322,8,12278,5,6039,0,126,5,5880
20/12/2021,7,0,12539,213,4837474,7496988,3439666,4057322,7,12285,5,6044,0,126,5,5885
21/12/2021,8,0,12547,213,4840373,7496988,3439666,4057322,8,12293,7,6051,0,126,7,5892
22/12/2021,7,0,12554,213,4842206,7496988,3439666,4057322,7,12300,3,6054,0,126,3,5895
23/12/2021,2,0,12556,213,4847175,7496988,3439666,4057322,2,12302,1,6055,0,126,1,5896
24/12/2021,5,0,12561,213,4851206,7496988,3439666,4057322,5,12307,2,6057,0,126,2,5898
25/12/2021,25,0,12586,213,4854089,7496988,3439666,4057322,25,12332,14,6071,0,126,14,5912
26/12/2021,9,0,12595,213,4856450,7496988,3439666,4057322,9,12341,3,6074,0,126,3,5915
27/12/2021,9,0,12604,213,4858524,7496988,3439666,4057322,9,12350,5,6079,0,126,5,5920
28/12/2021,6,0,12610,213,4863065,7496988,3439666,4057322,6,12356,6,6085,0,126,6,5926
29/12/2021,14,0,12624,213,4865435,7496988,3439666,4057322,14,12370,9,6094,0,126,9,5935
30/12/2021,12,0,12636,213,4871056,7496988,3439666,4057322,12,12382,9,6103,0,126,9,5944
31/12/2021,19,0,12655,213,4876285,7496988,3439666,4057322,19,12401,10,6113,0,126,10,5954
1/1/2022,17,0,12672,213,4883423,7496988,3439666,4057322,17,12418,4,6117,0,126,4,5958
2/1/2022,26,0,12698,213,4890991,7496988,3439666,4057322,26,12444,7,6124,0,126,7,5965
3/1/2022,29,0,12727,213,4908918,7496988,3439666,4057322,29,12473,6,6130,0,126,6,5971
4/1/2022,39,0,12766,213,4927105,7496988,3439666,4057322,39,12512,16,6146,0,126,16,5987
5/1/2022,38,0,12804,213,4945363,7496988,3439666,4057322,38,12550,13,6159,0,126,13,6000
6/1/2022,33,0,12837,213,4963594,7496988,3439666,4057322,33,12583,13,6172,0,126,13,6013
7/1/2022,33,0,12870,213,4984448,7496988,3439666,4057322,33,12616,9,6181,0,126,9,6022
8/1/2022,37,0,12907,213,5000948,7496988,3439666,4057322,37,12653,18,6199,0,126,18,6040
9/1/2022,33,0,12940,213,5011912,7496988,3439666,4057322,33,12686,17,6216,0,126,17,6057
10/1/2022,24,0,12964,213,5031654,7496988,3439666,4057322,24,12710,8,6224,0,126,8,6065
11/1/2022,21,0,12985,213,5050782,7496988,3439666,4057322,21,12731,9,6233,0,126,9,6074
12/1/2022,22,0,13007,213,5068882,7496988,3439666,4057322,22,12753,13,6246,0,126,13,6087
13/1/2022,15,0,13022,213,5086755,7496988,3439666,4057322,14,12767,6,6252,0,126,6,6093
14/1/2022,9,0,13031,213,5106875,7496988,3439666,4057322,9,12776,4,6256,0,126,4,6097
15/1/2022,5,0,13036,213,5122917,7496988,3439666,4057322,5,12781,1,6257,0,126,1,6098
16/1/2022,11,0,13047,213,5133000,7496988,3439666,4057322,11,12792,5,6262,0,126,5,6103
17/1/2022,7,0,13054,213,5150116,7496988,3439666,4057322,7,12799,4,6266,0,126,4,6107
18/1/2022,18,0,13072,213,5165844,7496988,3439666,4057322,18,12817,10,6276,0,126,10,6117
19/1/2022,16,0,13088,213,5181392,7496988,3439666,4057322,15,12832,11,6287,0,126,10,6127
20/1/2022,14,0,13102,213,5197012,7496988,3439666,4057322,14,12846,10,6297,0,126,10,6137
21/1/2022,24,0,13126,213,5218266,7496988,3439666,4057322,24,12870,11,6308,0,126,11,6148
22/1/2022,26,0,13152,213,5234978,7496988,3439666,4057322,25,12895,14,6322,0,126,14,6162
23/1/2022,140,0,13292,213,5245791,7496988,3439666,4057322,124,13019,64,6386,0,126,59,6221
24/1/2022,110,0,13402,213,5264906,7496988,3439666,4057322,96,13115,57,6443,0,126,50,6271
25/1/2022,125,0,13527,213,5283303,7496988,3439666,4057322,117,13232,77,6520,0,126,70,6341
26/1/2022,107,0,13634,213,5300165,7496988,3439666,4057322,89,13321,53,6573,0,126,44,6385
27/1/2022,164,0,13798,213,5315273,7496988,3439666,4057322,138,13459,74,6647,0,126,57,6442
28/1/2022,116,0,13914,213,5332880,7496988,3439666,4057322,87,13546,59,6706,0,126,44,6486
29/1/2022,121,0,14035,213,5347051,7496988,3439666,4057322,84,13630,59,6765,0,126,40,6526
30/1/2022,81,0,14116,213,5356628,7496988,3439666,4057322,57,13687,40,6805,0,126,24,6550
31/1/2022,94,0,14210,213,5360592,7496988,3439666,4057322,46,13733,45,6850,0,126,17,6567
1/2/2022,131,0,14341,213,,7496988,3439666,4057322,67,13800,63,6913,0,126,30,6597
2/2/2022,116,0,14457,213,5360725,7496988,3439666,4057322,40,13840,50,6963,0,126,15,6612
3/2/2022,142,0,14599,213,5369310,7496988,3439666,4057322,45,13885,59,7022,0,126,14,6626
4/2/2022,131,0,14730,213,5384599,7496988,3439666,4057322,42,13927,73,7095,0,126,20,6646
5/2/2022,356,1,15086,214,5398189,7496988,3439666,4057322,84,14011,157,7252,1,127,38,6684
6/2/2022,355,2,15441,216,5408213,7496988,3439666,4057322,43,14054,165,7417,0,127,24,6708
7/2/2022,,,,,5431103,7496988,3439666,4057322,,,,,,,,
8/2/2022,,,,,5457733,7496988,3439666,4057322,,,,,,,,
9/2/2022,,,,,5495074,7496988,3439666,4057322,,,,,,,,
10/2/2022,,,,,5533190,7496988,3439666,4057322,,,,,,,,
11/2/2022,,,,,5573115,7496988,3439666,4057322,,,,,,,,
12/2/2022,,,,,5601340,7496988,3439666,4057322,,,,,,,,
13/2/2022,,,,,5617803,7496988,3439666,4057322,,,,,,,,
14/2/2022,,,,,5657134,7496988,3439666,4057322,,,,,,,,
15/2/2022,,,,,5697319,7496988,3439666,4057322,,,,,,,,
16/2/2022,,,,,5739978,7496988,3439666,4057322,,,,,,,,
17/2/2022,,,,,5782299,7496988,3439666,4057322,,,,,,,,
18/2/2022,,,,,5827088,7496988,3439666,4057322,,,,,,,,
19/2/2022,,,,,5859822,7496988,3439666,4057322,,,,,,,,
20/2/2022,,,,,5879652,7496988,3439666,4057322,,,,,,,,
21/2/2022,,,,,5917066,7496988,3439666,4057322,,,,,,,,
22/2/2022,,,,,5958067,7496988,3439666,4057322,,,,,,,,
23/2/2022,,,,,6003517,7496988,3439666,4057322,,,,,,,,
24/2/2022,,,,,6046152,7496988,3439666,4057322,,,,,,,,
25/2/2022,,,,,6083850,7496988,3439666,4057322,,,,,,,,
26/2/2022,,,,,6113077,7496988,3439666,4057322,,,,,,,,
27/2/2022,,,,,6132919,7496988,3439666,4057322,,,,,,,,
28/2/2022,,,,,6164864,7496988,3439666,4057322,,,,,,,,
1/3/2022,,,,,6193088,7496988,3439666,4057322,,,,,,,,
2/3/2022,,,,,6218645,7496988,3439666,4057322,,,,,,,,
3/3/2022,,,,,6242551,7496988,3439666,4057322,,,,,,,,
4/3/2022,,,,,6266578,7496988,3439666,4057322,,,,,,,,
5/3/2022,,,,,6288838,7496988,3439666,4057322,,,,,,,,
6/3/2022,,,,,6305878,7496988,3439666,4057322,,,,,,,,
7/3/2022,,,,,6327149,7496988,3439666,4057322,,,,,,,,
8/3/2022,,,,,6346464,7496988,3439666,4057322,,,,,,,,
9/3/2022,,,,,6362137,7496988,3439666,4057322,,,,,,,,
10/3/2022,,,,,6376777,7496988,3439666,4057322,,,,,,,,
11/3/2022,,,,,6389908,7496988,3439666,4057322,,,,,,,,
12/3/2022,,,,,6401379,7496988,3439666,4057322,,,,,,,,
13/3/2022,,,,,6409745,7496988,3439666,4057322,,,,,,,,
14/3/2022,,,,,6420652,7496988,3439666,4057322,,,,,,,,
15/3/2022,,,,,6430727,7496988,3439666,4057322,,,,,,,,
16/3/2022,,,,,6439068,7496988,3439666,4057322,,,,,,,,
17/3/2022,,,,,6446711,7496988,3439666,4057322,,,,,,,,
18/3/2022,,,,,6454267,7496988,3439666,4057322,,,,,,,,
19/3/2022,,,,,6460285,7496988,3439666,4057322,,,,,,,,
20/3/2022,,,,,6464339,7496988,3439666,4057322,,,,,,,,
21/3/2022,,,,,6470910,7496988,3439666,4057322,,,,,,,,
22/3/2022,,,,,6477814,7496988,3439666,4057322,,,,,,,,
23/3/2022,,,,,6483545,7496988,3439666,4057322,,,,,,,,
24/3/2022,,,,,6488732,7496988,3439666,4057322,,,,,,,,
25/3/2022,,,,,6494517,7496988,3439666,4057322,,,,,,,,
26/3/2022,,,,,6499268,7496988,3439666,4057322,,,,,,,,
27/3/2022,,,,,6502161,7496988,3439666,4057322,,,,,,,,
28/3/2022,,,,,6506605,7496988,3439666,4057322,,,,,,,,
29/3/2022,,,,,6510797,7496988,3439666,4057322,,,,,,,,
30/3/2022,,,,,6514727,7496988,3439666,4057322,,,,,,,,
31/3/2022,,,,,6519012,7496988,3439666,4057322,,,,,,,,
1/4/2022,,,,,6523146,7496988,3439666,4057322,,,,,,,,
2/4/2022,,,,,6526587,7496988,3439666,4057322,,,,,,,,
3/4/2022,,,,,6528816,7496988,3439666,4057322,,,,,,,,
4/4/2022,,,,,6532767,7496988,3439666,4057322,,,,,,,,
5/4/2022,,,,,6534373,7496988,3439666,4057322,,,,,,,,
6/4/2022,,,,,6537857,7496988,3439666,4057322,,,,,,,,
7/4/2022,,,,,6541485,7496988,3439666,4057322,,,,,,,,
8/4/2022,,,,,6545733,7496988,3439666,4057322,,,,,,,,
9/4/2022,,,,,6549301,7496988,3439666,4057322,,,,,,,,
10/4/2022,,,,,6551576,7496988,3439666,4057322,,,,,,,,
11/4/2022,,,,,6556285,7496988,3439666,4057322,,,,,,,,
12/4/2022,,,,,6560964,7496988,3439666,4057322,,,,,,,,
13/4/2022,,,,,6566087,7496988,3439666,4057322,,,,,,,,
14/4/2022,,,,,6572263,7496988,3439666,4057322,,,,,,,,
15/4/2022,,,,,6576377,7496988,3439666,4057322,,,,,,,,
16/4/2022,,,,,6579277,7496988,3439666,4057322,,,,,,,,
17/4/2022,,,,,6581622,7496988,3439666,4057322,,,,,,,,
18/4/2022,,,,,6584157,7496988,3439666,4057322,,,,,,,,
19/4/2022,,,,,6589118,7496988,3439666,4057322,,,,,,,,
20/4/2022,,,,,6593467,7496988,3439666,4057322,,,,,,,,
21/4/2022,,,,,6597746,7496988,3439666,4057322,,,,,,,,
22/4/2022,,,,,6602648,7496988,3439666,4057322,,,,,,,,
23/4/2022,,,,,6606899,7496988,3439666,4057322,,,,,,,,
24/4/2022,,,,,6608963,7496988,3439666,4057322,,,,,,,,
25/4/2022,,,,,6613081,7496988,3439666,4057322,,,,,,,,
26/4/2022,,,,,6617167,7496988,3439666,4057322,,,,,,,,
27/4/2022,,,,,6620930,7496988,3439666,4057322,,,,,,,,
28/4/2022,,,,,6624596,7496988,3439666,4057322,,,,,,,,
29/4/2022,,,,,6629340,7496988,3439666,4057322,,,,,,,,
30/4/2022,,,,,6632948,7496988,3439666,4057322,,,,,,,,
1/5/2022,,,,,6634681,7496988,3439666,4057322,,,,,,,,
2/5/2022,,,,,6636348,7496988,3439666,4057322,,,,,,,,
3/5/2022,,,,,6639509,7496988,3439666,4057322,,,,,,,,
4/5/2022,,,,,6642684,7496988,3439666,4057322,,,,,,,,
5/5/2022,,,,,6645666,7496988,3439666,4057322,,,,,,,,
6/5/2022,,,,,6649341,7496988,3439666,4057322,,,,,,,,
7/5/2022,,,,,6652464,7496988,3439666,4057322,,,,,,,,
8/5/2022,,,,,6653799,7496988,3439666,4057322,,,,,,,,
9/5/2022,,,,,6655220,7496988,3439666,4057322,,,,,,,,
10/5/2022,,,,,6658279,7496988,3439666,4057322,,,,,,,,
11/5/2022,,,,,6660403,7496988,3439666,4057322,,,,,,,,
12/5/2022,,,,,6662011,7496988,3439666,4057322,,,,,,,,
13/5/2022,,,,,6664426,7496988,3439666,4057322,,,,,,,,
14/5/2022,,,,,6667452,7496988,3439666,4057322,,,,,,,,
15/5/2022,,,,,6668568,7496988,3439666,4057322,,,,,,,,
16/5/2022,,,,,6671108,7496988,3439666,4057322,,,,,,,,
17/5/2022,,,,,6673656,7496988,3439666,4057322,,,,,,,,
18/5/2022,,,,,6675939,7496988,3439666,4057322,,,,,,,,
19/5/2022,,,,,6678184,7496988,3439666,4057322,,,,,,,,
20/5/2022,,,,,6681120,7496988,3439666,4057322,,,,,,,,
21/5/2022,,,,,6683479,7496988,3439666,4057322,,,,,,,,
22/5/2022,,,,,6684730,7496988,3439666,4057322,,,,,,,,
23/5/2022,,,,,6687266,7496988,3439666,4057322,,,,,,,,
24/5/2022,,,,,6689326,7496988,3439666,4057322,,,,,,,,
25/5/2022,,,,,6691178,7496988,3439666,4057322,,,,,,,,
26/5/2022,,,,,6692880,7496988,3439666,4057322,,,,,,,,
27/5/2022,,,,,6695112,7496988,3439666,4057322,,,,,,,,
28/5/2022,,,,,6697075,7496988,3439666,4057322,,,,,,,,
29/5/2022,,,,,6698123,7496988,3439666,4057322,,,,,,,,
30/5/2022,,,,,6700078,7496988,3439666,4057322,,,,,,,,
31/5/2022,,,,,6701903,7496988,3439666,4057322,,,,,,,,
1/6/2022,,,,,6703872,7496988,3439666,4057322,,,,,,,,
2/6/2022,,,,,6706512,7496988,3439666,4057322,,,,,,,,
3/6/2022,,,,,6707927,7496988,3439666,4057322,,,,,,,,
4/6/2022,,,,,6710038,7496988,3439666,4057322,,,,,,,,
5/6/2022,,,,,6711161,7496988,3439666,4057322,,,,,,,,
6/6/2022,,,,,6712959,7496988,3439666,4057322,,,,,,,,
7/6/2022,,,,,6714315,7496988,3439666,4057322,,,,,,,,
8/6/2022,,,,,6715555,7496988,3439666,4057322,,,,,,,,
9/6/2022,,,,,6716777,7496988,3439666,4057322,,,,,,,,
10/6/2022,,,,,6718993,7496988,3439666,4057322,,,,,,,,
11/6/2022,,,,,6721138,7496988,3439666,4057322,,,,,,,,
12/6/2022,,,,,6722068,7496988,3439666,4057322,,,,,,,,
13/6/2022,,,,,6723782,7496988,3439666,4057322,,,,,,,,
14/6/2022,,,,,6725187,7496988,3439666,4057322,,,,,,,,
15/6/2022,,,,,6726544,7496988,3439666,4057322,,,,,,,,
16/6/2022,,,,,6728077,7496988,3439666,4057322,,,,,,,,
17/6/2022,,,,,6730046,7496988,3439666,4057322,,,,,,,,
18/6/2022,,,,,6731762,7496988,3439666,4057322,,,,,,,,
19/6/2022,,,,,6732431,7496988,3439666,4057322,,,,,,,,
20/6/2022,,,,,6733888,7496988,3439666,4057322,,,,,,,,
21/6/2022,,,,,6734996,7496988,3439666,4057322,,,,,,,,
22/6/2022,,,,,6735922,7496988,3439666,4057322,,,,,,,,
23/6/2022,,,,,6737090,7496988,3439666,4057322,,,,,,,,
24/6/2022,,,,,6738441,7496988,3439666,4057322,,,,,,,,
25/6/2022,,,,,6739797,7496988,3439666,4057322,,,,,,,,
26/6/2022,,,,,6740309,7496988,3439666,4057322,,,,,,,,
27/6/2022,,,,,6741275,7496988,3439666,4057322,,,,,,,,
28/6/2022,,,,,6742200,7496988,3439666,4057322,,,,,,,,
29/6/2022,,,,,6742995,7496988,3439666,4057322,,,,,,,,
30/6/2022,,,,,6744386,7496988,3439666,4057322,,,,,,,,
1/7/2022,,,,,6744918,7496988,3439666,4057322,,,,,,,,
2/7/2022,,,,,6744930,7496988,3439666,4057322,,,,,,,,
3/7/2022,,,,,6745466,7496988,3439666,4057322,,,,,,,,
4/7/2022,,,,,6746461,7496988,3439666,4057322,,,,,,,,
5/7/2022,,,,,6747248,7496988,3439666,4057322,,,,,,,,
6/7/2022,,,,,6748001,7496988,3439666,4057322,,,,,,,,
7/7/2022,,,,,6748774,7496988,3439666,4057322,,,,,,,,
8/7/2022,,,,,6750129,7496988,3439666,4057322,,,,,,,,
9/7/2022,,,,,6751248,7496988,3439666,4057322,,,,,,,,
10/7/2022,,,,,6751652,7496988,3439666,4057322,,,,,,,,
11/7/2022,,,,,6752591,7496988,3439666,4057322,,,,,,,,
12/7/2022,,,,,6753301,7496988,3439666,4057322,,,,,,,,
13/7/2022,,,,,6754024,7496988,3439666,4057322,,,,,,,,
14/7/2022,,,,,6754784,7496988,3439666,4057322,,,,,,,,
15/7/2022,,,,,6755995,7496988,3439666,4057322,,,,,,,,
16/7/2022,,,,,6757161,7496988,3439666,4057322,,,,,,,,
17/7/2022,,,,,6757595,7496988,3439666,4057322,,,,,,,,
18/7/2022,,,,,6758407,7496988,3439666,4057322,,,,,,,,
19/7/2022,,,,,6759182,7496988,3439666,4057322,,,,,,,,
20/7/2022,,,,,6759864,7496988,3439666,4057322,,,,,,,,
21/7/2022,,,,,6760529,7496988,3439666,4057322,,,,,,,,
22/7/2022,,,,,6761671,7496988,3439666,4057322,,,,,,,,
23/7/2022,,,,,6762544,7496988,3439666,4057322,,,,,,,,
24/7/2022,,,,,6762926,7496988,3439666,4057322,,,,,,,,
25/7/2022,,,,,6763664,7496988,3439666,4057322,,,,,,,,
26/7/2022,,,,,6764354,7496988,3439666,4057322,,,,,,,,
27/7/2022,,,,,6765036,7496988,3439666,4057322,,,,,,,,
28/7/2022,,,,,6765760,7496988,3439666,4057322,,,,,,,,
29/7/2022,,,,,6766770,7496988,3439666,4057322,,,,,,,,
30/7/2022,,,,,6767626,7496988,3439666,4057322,,,,,,,,
31/7/2022,,,,,6767998,7496988,3439666,4057322,,,,,,,,
1/8/2022,,,,,6768811,7496988,3439666,4057322,,,,,,,,
2/8/2022,,,,,6769578,7496988,3439666,4057322,,,,,,,,
3/8/2022,,,,,6770300,7496988,3439666,4057322,,,,,,,,
4/8/2022,,,,,6771252,7496988,3439666,4057322,,,,,,,,
5/8/2022,,,,,6772657,7496988,3439666,4057322,,,,,,,,
6/8/2022,,,,,6774193,7496988,3439666,4057322,,,,,,,,
7/8/2022,,,,,6775007,7496988,3439666,4057322,,,,,,,,
8/8/2022,,,,,6776342,7496988,3439666,4057322,,,,,,,,
9/8/2022,,,,,6777413,7496988,3439666,4057322,,,,,,,,
10/8/2022,,,,,6778332,7496988,3439666,4057322,,,,,,,,
11/8/2022,,,,,6779343,7496988,3439666,4057322,,,,,,,,
12/8/2022,,,,,6780766,7496988,3439666,4057322,,,,,,,,
13/8/2022,,,,,6782370,7496988,3439666,4057322,,,,,,,,
14/8/2022,,,,,6783378,7496988,3439666,4057322,,,,,,,,
15/8/2022,,,,,6785220,7496988,3439666,4057322,,,,,,,,
16/8/2022,,,,,6787404,7496988,3439666,4057322,,,,,,,,
17/8/2022,,,,,6789135,7496988,3439666,4057322,,,,,,,,
18/8/2022,,,,,6791009,7496988,3439666,4057322,,,,,,,,
19/8/2022,,,,,6793080,7496988,3439666,4057322,,,,,,,,
20/8/2022,,,,,6795342,7496988,3439666,4057322,,,,,,,,
21/8/2022,,,,,6796707,7496988,3439666,4057322,,,,,,,,
22/8/2022,,,,,6798709,7496988,3439666,4057322,,,,,,,,
23/8/2022,,,,,6800496,7496988,3439666,4057322,,,,,,,,
24/8/2022,,,,,6802142,7496988,3439666,4057322,,,,,,,,
25/8/2022,,,,,6803063,7496988,3439666,4057322,,,,,,,,
26/8/2022,,,,,6805169,7496988,3439666,4057322,,,,,,,,
27/8/2022,,,,,6807577,7496988,3439666,4057322,,,,,,,,
28/8/2022,,,,,6808999,7496988,3439666,4057322,,,,,,,,
29/8/2022,,,,,6811276,7496988,3439666,4057322,,,,,,,,
30/8/2022,,,,,6813386,7496988,3439666,4057322,,,,,,,,
31/8/2022,,,,,6815024,7496988,3439666,4057322,,,,,,,,
1/9/2022,,,,,6816723,7496988,3439666,4057322,,,,,,,,
2/9/2022,,,,,6819255,7496988,3439666,4057322,,,,,,,,
3/9/2022,,,,,6822005,7496988,3439666,4057322,,,,,,,,
4/9/2022,,,,,6823212,7496988,3439666,4057322,,,,,,,,
5/9/2022,,,,,6824994,7496988,3439666,4057322,,,,,,,,
6/9/2022,,,,,6826715,7496988,3439666,4057322,,,,,,,,
7/9/2022,,,,,6828285,7496988,3439666,4057322,,,,,,,,
8/9/2022,,,,,6830104,7496988,3439666,4057322,,,,,,,,
9/9/2022,,,,,6833049,7496988,3439666,4057322,,,,,,,,
10/9/2022,,,,,6835722,7496988,3439666,4057322,,,,,,,,
11/9/2022,,,,,6837496,7496988,3439666,4057322,,,,,,,,
12/9/2022,,,,,,7496988,3439666,4057322,,,,,,,,
13/9/2022,,,,,,7496988,3439666,4057322,,,,,,,,
14/9/2022,,,,,,7496988,3439666,4057322,,,,,,,,
15/9/2022,,,,,,7496988,3439666,4057322,,,,,,,,
16/9/2022,,,,,,7496988,3439666,4057322,,,,,,,,
17/9/2022,,,,,,7496988,3439666,4057322,,,,,,,,
